commit_sha,before_value,after_value,improvement_rate_pct
00091d733a4978f2b795b5ab9690f7af77d82ffe,47.0,47.0,0.0
003ec013f1f503ba8d5fa59b32eb9caf9f10841a,141.0,141.0,0.0
00a0b88fc0ce494fe41ddd2d324765541f600b2c,294.0,295.0,-0.3401360544217687
00fac32bbb9b766f9728f82fb60f453498a6fb25,82.0,82.0,0.0
013418926dd876274aef5011a271f55c68f62d20,82.0,83.0,-1.2195121951219512
017be09ae6520ba84c39fc13ec4b85d31110821d,12.0,12.0,0.0
01929b3fab4f1e2f35d8c85073b9498249908c02,10936.0,10937.0,-0.0091441111923921
02128fc557b1bccc37248fa271166d43d05dbee1,11.0,11.0,0.0
0276f78a819505f93d632998efd9e621e4650dac,33.0,33.0,0.0
027f4377bfe66889fe9df92a0306a3b26e09cd63,15.0,16.0,-6.666666666666667
02f8ea54f0fb8efd1267865ccd0eed00446c760a,39.0,39.0,0.0
02fab51c0c97274a65dc24628daf9e1be55074ba,47.0,49.0,-4.25531914893617
0318b8f7439a575711c389079d58d53cf8d7d64a,3175.0,3175.0,0.0
033e714474e7b79d7087bfe82fe836514f365bb8,177.0,177.0,0.0
037fce78d2be3462962def76345f3477c9144df0,721.0,721.0,0.0
038f4823316c82e2c3a290be1c4505bace1339c2,8.0,8.0,0.0
03a237d5d2968a5e1fdf96efa546d3296d1b04e9,721.0,721.0,0.0
03c3067db19c3f7abbc88fd56db2e1b84aaf1f6d,58.0,58.0,0.0
04104ca4d5943fcefff0b35558540b9225797f79,111.0,111.0,0.0
041e9202ccba80909f0904e076f15cc38bc04e54,13.0,13.0,0.0
04ff404d3c5cc480f8ece23e5f534e27bcaefb4f,25.0,25.0,0.0
0533f86cf86ff91d509b526a60108b7831b8ce18,41.0,41.0,0.0
0546395f55cbf18ce49c1d627840b798f1d5dac8,5.0,5.0,0.0
05bbfc54e31a35122a11a498e903e9aedcd6e44d,81.0,83.0,-2.4691358024691357
05c30328ddb7529cfcdd92839a75323d3f66e506,1707.0,1708.0,-0.05858230814294083
05d6069780d5aa6b515cc38c222f487ef5e05ab9,6.0,8.0,-33.33333333333333
05dc1fe2c6c1dc039a94d9165c2e7b7616a78f4b,98.0,98.0,0.0
05f51fd6f15e7d58d00f6ef68132df28fa86dcdc,26.0,34.0,-30.76923076923077
064bd24b2e3520c3fc3b696ee25a9f41c0c38d96,9.0,9.0,0.0
069cb9eaf87992425c7821db830f450d8c488eb0,3.0,3.0,0.0
06abaf6c3d9b794bb00777f2bbd9b9a3a9a9ee7a,48.0,49.0,-2.083333333333333
06ef032566c313b7ab34b910500ab94305b59cd7,1.0,1.0,0.0
071dc652e6a728c2fab0a5f30ec3f77a76e46047,17.0,17.0,0.0
074dad48142f7037a714296611df9c1c5ede3fff,171.0,185.0,-8.187134502923977
07d3da40d17cd7ea92db2916f7e19a1a2febac72,1737.0,1738.0,-0.05757052389176742
0882a72f4f22edabf8ecb912006a4e4751b2af26,1215.0,1215.0,0.0
0883ff16cd74c00eeea3c4dbd383c49e3e383142,53.0,56.0,-5.660377358490567
0892e9c0495fe65aa112fc48506c0c1e0c436297,78.0,78.0,0.0
08a01274da4d38e8dec133156d2b443b28d374c3,31.0,32.0,-3.225806451612903
08f6576d5f7004adb1c9637e7c584b62f1b084fa,63.0,63.0,0.0
091e6a72ab68762d3d4d9d8fd9d56819afb9235b,23.0,23.0,0.0
09544a053b2d0b5fa295e33338415216b7d0a289,219.0,218.0,0.45662100456621
0990ccdf0b10e00772edfee7c0a6313619dda3b4,48.0,48.0,0.0
09ac62c88cf884244731ebd6fd1ef9069161af19,218.0,218.0,0.0
09ae4e5dc6ac4edd0bb1e155aff62441fb82e62e,28.0,38.0,-35.714285714285715
0a328cacdda0d9c31026b6362417c5a971c841ba,388.0,388.0,0.0
0a5867b9d35dbb7de981f1478b7553468ce07fa9,721.0,721.0,0.0
0a6ff80f102130549ab02187c2171c7c6aad1d91,217.0,217.0,0.0
0aaccad62b17de7042f291762fc36c43078814aa,606.0,606.0,0.0
0ad2a305d923156e690832af78143e5ae57e2648,5.0,5.0,0.0
0b6fa9ff48b89e11e9bdce2f9ced56d280de8f02,7.0,7.0,0.0
0bbd7109ecd924f85b2ef59b1e397c149a62f1a8,1695.0,1695.0,0.0
0c39d07f1d847d17cf924cf7a8b41c9c2009eb0c,212.0,211.0,0.4716981132075472
0c43d77ed315d46d34eb43add654adf8977148da,433.0,432.0,0.23094688221709006
0c4ebe1b2d5d0ed1bb7ea972a31095b7b83dc7d6,332.0,332.0,0.0
0c9c7cf77038a0031f84a7cb74cd83c7a11f5d98,1215.0,1215.0,0.0
0cdb1aed062f7614678e78c4cb4fbe4b9763019c,42.0,42.0,0.0
0cfc3ee9c827fa70ced17357b2c4994532e4e5e0,217.0,217.0,0.0
0d27f23ebf2a3fb927fb2df8dd02bb6de008b3b7,721.0,721.0,0.0
0d389cca63f1c60ea25295c2ce25fe5f5cce4f1a,413.0,413.0,0.0
0d56700c9f942ca403c558e89d0ab9ee591f4ca1,234.0,234.0,0.0
0d714ad6e3e7c5907c6f17535a55275132b51f7c,9184.0,0.0,100.0
0e1a6438d8df674f6d419ad106f92f744a2cdbbb,253.0,253.0,0.0
0e1d4756c2b10962e1760304c28bb578655301d0,8.0,8.0,0.0
0e1f8ccd3c2f37cbac1e2a75824333fd0322bd1d,721.0,721.0,0.0
0e5e88b78e0841ee101978543e15ed590b92dc1f,218.0,218.0,0.0
0e79a114b26d7b4c2e0c11dbc50be55762d5c716,40.0,42.0,-5.0
0e96be8e11654833c702cf0b50cfced1f21cd379,26.0,26.0,0.0
0f419c2467849e003b91401ae947a39f0260208a,298.0,298.0,0.0
0f5bfcc424da1bc15e29fcaca89f8f54b238f4ff,143.0,143.0,0.0
0f5f6c86c550fc22e1f7f01ae79a23e1aebd90a7,1.0,2.0,-100.0
0f8e57c745977dbe46d6ed6286b2422ae6cea15f,10.0,10.0,0.0
0fc3bda42c0f9f66147eb182177dfd601844ab77,46.0,46.0,0.0
0fc837c57f7fe1ca27e0fdf064f1dd2896816435,374.0,374.0,0.0
0fe19b9747832bfb618bf1f06831d7df27bc2998,300.0,301.0,-0.33333333333333337
102026e551009a54707f6849efaa7b4cb830b289,106.0,106.0,0.0
102953c1ea9ba1a0a52b2084f474ea2b3460c979,4.0,4.0,0.0
10492f356008a5755dabff8caf46ce2be9444aee,23.0,23.0,0.0
10ecfe57e496b7ec6c04c6098548bc1dfe71063d,371.0,371.0,0.0
1118d66453425aeae6a526150c4a6100ad652a16,6.0,6.0,0.0
11264bdca7b81933808e83eec069bc59f877e900,171.0,171.0,0.0
1126c09385286f6398568f32f58ffb7bddfd186b,236.0,238.0,-0.847457627118644
11298f82ef5d3e71ab4033176de29e3d53af5792,8.0,8.0,0.0
113889c2ce0a2f0a6365cd48400457fca5982d4e,42.0,42.0,0.0
115474f9a46fc3e1b8985253c397e5b45af66164,3.0,4.0,-33.33333333333333
115ee39157f2725089a629ecffbebe78ac4ed0b5,3700.0,3700.0,0.0
117e69908ca5420b578549e97438631b9d744643,7.0,7.0,0.0
11c7041444955662cebc0e8906c8a0fa65754600,3.0,4.0,-33.33333333333333
11d7a64fa874d6b6f1e04c7fae96dd0c7cebab05,229.0,230.0,-0.43668122270742354
11f5c8e8725e47f0ed3448472082164b31b57598,300.0,300.0,0.0
122f93f8c1371a8e3e989c90712b062047d863ee,1103.0,1103.0,0.0
1248afe23137fc85932405a05a4577d348817ff7,450.0,450.0,0.0
12c88e5eeb5cb3447cedce4a742f0211d84ec7e1,22.0,22.0,0.0
130fc0545a42dc00ceb81ad12f586d4af1e9880f,19.0,19.0,0.0
1341e5cf45c6d7a2274e13809b929deb64be78fe,23.0,23.0,0.0
134cc5ca88129cd54e2b1eb07364d12f1d91003c,721.0,721.0,0.0
1362724de33217f62e9fe674f9955e9afcdc3653,721.0,721.0,0.0
1388d8f03c45549c4be3d22fec256032d36b8f5a,91.0,91.0,0.0
139f9f7755ffdaaeee0c31d1c4a5f2834d6804c4,5.0,5.0,0.0
13d4bd4be33ad133e8f6bf93007b6e520302ba60,1.0,1.0,0.0
13db43e6aafdfd28b5b7fc14d98f7aed8fd317ae,773.0,773.0,0.0
1407e9e0281254100a4988b6626930ede1a2e0c2,99.0,102.0,-3.0303030303030303
140f9c4ecb5fbf34b6f3e68c56418d64a9b7ec13,8.0,8.0,0.0
14315a89632374241b86a9b491d7e04ef6984e1d,29.0,29.0,0.0
144d06b2f0ad9708c19b89112b6f05d38a9a83d6,474.0,474.0,0.0
146ec9b8fec9c36a5b98f28c34ed90a842d20bf5,23.0,37.0,-60.86956521739131
148803a6e9ab52f19a2b5e8aa3c7a7751f519cdc,721.0,721.0,0.0
14b9a548070bd6ec14d20eb5516030a1e10bcd00,5.0,5.0,0.0
14ce160a0fa4d58d193665569bac934a53716361,69.0,69.0,0.0
14ece7878651ea171cedde29c2b41e5cdff13b96,600.0,600.0,0.0
14fd81bba3dd4befcfe659066390ce6002e4a9f9,383.0,383.0,0.0
1509662941faa0ef59a949ba002721fbac091482,2.0,2.0,0.0
1539987bd6af3ec120c2ae994cde501d5fc1c0d0,52.0,52.0,0.0
1542bb02e6470657d547629acbef4ca323afb640,207.0,207.0,0.0
15823f16ec0e5811896789b9df139b03a80e7e6e,36.0,36.0,0.0
15db0d54aca81da33f6c222296f1702412653c95,207.0,0.0,100.0
15e714c72ad2f8bbd033780743ac62c1f023d12d,721.0,721.0,0.0
15f5a28f7cbe263f642b743038117b005b72d1b7,1096.0,1096.0,0.0
1640e81371c4316bbcfa0fa6ec3d4a9f3c97c495,600.0,600.0,0.0
165de25576678faa50d4e34978ac8c761409e41c,123.0,123.0,0.0
16715bcde2521474993ef6cbc7f3332f6f2b62d4,2.0,2.0,0.0
1699f6c41f61d41a1c9fd8f9aa0a1d9b24b1e4a8,1215.0,1215.0,0.0
16d0aadc2df95e2b9d85cba5033c9b5dcf27c3e9,124.0,124.0,0.0
172a01b0d4fd4605ef90095641bb7ad108356886,52.0,52.0,0.0
17864f475c28f87d5701d27b73652b9d4a0f067a,721.0,721.0,0.0
1786a2b1bb8f238cba91828da93330f788456c69,10937.0,10938.0,-0.009143275121148396
17bec488945d82321dab3d38757b9b5e05930792,14.0,14.0,0.0
17e6441deb78b0db3fb13663b808f1282482c44e,1.0,1.0,0.0
181711a0eea261c4452d66f41acf24099dc5b5de,55.0,55.0,0.0
187e448b2628e75757da198d8a2cf971bb949644,141.0,141.0,0.0
188706b87bce92f0478826be3f1a35e10fae2b0e,298.0,298.0,0.0
1899616b3cdfb587d20695b7b5ed914463b60496,6.0,10.0,-66.66666666666666
18e58355587b8989d8ee6894aa15ac9d980c0a37,50.0,50.0,0.0
1958b7f63819953fb5baf913151272e80f182238,297.0,298.0,-0.33670033670033667
19c51f2f0a8b6196250c2b82a6281a2a70219fe5,97.0,102.0,-5.154639175257731
19c87f4459b41bfb0d479477bfc14925a6e9803f,75.0,78.0,-4.0
19f788d41cc28d5c8b545515cd44af477dc247ca,26.0,26.0,0.0
1a311cab18f65e3c13483fb3002ad178b15782bd,5.0,1.0,80.0
1a56c2625187fb67c90f76fc16c3c0f697abc5d9,12.0,11.0,8.333333333333332
1aab938b0ac8edec2312b39a0f87d11d55e7b08c,81.0,81.0,0.0
1ae510228382b076fb2ff57be1351d6142794f87,74.0,77.0,-4.054054054054054
1af7c14799d6c5e3e188cb5cd6ec03a9aacd7d68,429.0,429.0,0.0
1b0775d4e5a46dfaa124ec1d31fb9758772f4686,7.0,8.0,-14.285714285714285
1b0b9a1a68d31b7fa38bd95fcb26e953a731de18,9.0,9.0,0.0
1b287f3c17b6389fcc3fa18d57e545012f8bf745,108.0,108.0,0.0
1b3290e56d445ad2d49cd49cc76721975b2503fa,347.0,348.0,-0.2881844380403458
1b46cdf785ed74308f353ab9d6a7f1640964ed0e,1017.0,1017.0,0.0
1b6267fbab19be3589e26adf2281f15b5c652be2,316.0,321.0,-1.5822784810126582
1b7411007b064eaf5ebe9688f6da164b1b030baf,86.0,86.0,0.0
1ba3c3e0acefdfa84254c4be127f6b472201fcf6,45.0,45.0,0.0
1c01b98233ec5f70cf70b6637e370cca4eb1a1b8,50.0,50.0,0.0
1c02863beac4ecfa11d7d5c2049ddc3c47131deb,137.0,137.0,0.0
1c19d7d3980568f0e9146d8eeec4cfc553c221f7,31.0,31.0,0.0
1c7d5342d12c8e92cdf28700f03fd5ecb0992256,71.0,71.0,0.0
1cd71afc2aba0ada26a8a5b11764a08911ffc872,10.0,10.0,0.0
1d3571098c92d8f4cec82a2ba9c1f2453a59a1de,11.0,12.0,-9.090909090909092
1d8c516c91cac0e3879c05875b2c55b728186ef8,28.0,28.0,0.0
1d9ae2aa47b8ac63db17c2da71b5c1b74967aaa8,721.0,721.0,0.0
1da1f1f1f94617dac072856063ee838964c065a2,242.0,242.0,0.0
1db26858dcd4b60336710d3d266fdb38a76bce99,4.0,4.0,0.0
1ddac806c5a75c3075a0a33ba7ee50b5bacbaca4,404.0,404.0,0.0
1de78c0ec0c91716f3730f97625ef3e098b013af,23.0,23.0,0.0
1df12e06308ea13e9937ffed399fcf67ec74aab2,125.0,125.0,0.0
1e31efcbb0a311cd82c81642a52b8ff2f9d7e9c2,471.0,473.0,-0.42462845010615713
1e5d4cd2babc6977c6a403d8ec03406f88937c73,13.0,13.0,0.0
1e82072637cf147caeea46b7d714a5c9d7b75476,295.0,296.0,-0.3389830508474576
1eb202b0ea6a30f34b53a327bed7da4c5df9dd07,80.0,80.0,0.0
1ec1939d7ae7d0184239093a92e42a097044b182,358.0,359.0,-0.27932960893854747
1f074e051a3fa7d3900d75f8f0c4ba348df19750,130.0,130.0,0.0
1f160acc55d507ca27d888ced2ec68fe08ccee7a,82.0,83.0,-1.2195121951219512
1f99f1a2356972c5be176d350926430c89cee9d9,8.0,8.0,0.0
1fa78f909de2747844c2512015ee8ee2e96b488b,405.0,405.0,0.0
2053087c3f44e43714a1c90ac0f30a511f76eebb,55.0,55.0,0.0
20f7a1904d274201f3275777a71ba5a530baf930,217.0,217.0,0.0
20f9c8c0e1aa14db3678e4ddfe831eae7103fad8,2.0,3.0,-50.0
2122ff1c98a43f1cf581083275e4eb1981db2d11,81.0,81.0,0.0
2135816065d92df5a15a75d54b7295a4dd9a6284,603.0,603.0,0.0
2148843b0198e21d406a2d2ecda729edfde5c1c7,45.0,45.0,0.0
215f1f208ecdd6226093e2c6c67d96354c7bfe32,374.0,374.0,0.0
216536bce72883a456b6a3e625ea0e4ac77ecdfd,606.0,606.0,0.0
217252e5142b12a8b8a7eecc89cdde4cd7c9b4ec,7.0,7.0,0.0
21a65e8b6adac601f64f7a0b5c380a803dca3f06,17.0,24.0,-41.17647058823529
21d5aeeb23e4b1565bdbc194d89da69b02c7338a,4530.0,4530.0,0.0
220b495f20ee09a3513703bf2e6951d7ebd0c024,9.0,10.0,-11.11111111111111
2251f0e4e98add3d23049ff429ca106977f12d33,23.0,23.0,0.0
2258e500f1cf6d55c913c57e314d61e848c5554a,212.0,212.0,0.0
226e42f99eda245e4f139afe0846784c9c3bbbe7,210.0,210.0,0.0
226ecf76f639cc19a26ad4f28657755c11ca5d5e,53.0,52.0,1.8867924528301887
2274c1128c0ac43a49c475bc561d5c7683b1471c,217.0,217.0,0.0
22d68497fac9c437d08932d9f3990952272ecd30,733.0,736.0,-0.4092769440654843
2300b94e5ca512d97419d8511a5bc7c1d5fb4a01,7.0,8.0,-14.285714285714285
231189a925b15f13e283f04d684096508bfe27ee,16.0,15.0,6.25
2333edbb65d84062996fb66530182ee3b705efd8,7.0,7.0,0.0
23e572028acc19a97d159054929195e6af60b3f3,721.0,721.0,0.0
2418a8ed52ba84b4084a02bf3bdbd95b67795aba,774.0,773.0,0.12919896640826875
24634f1801a4556819821bbcdf15955f57127f03,52.0,54.0,-3.8461538461538463
2464ce054526b7d90d16f69d733e2774ddd29e8a,19.0,19.0,0.0
2478f84f9c2a44a95a6cc2bfe9012e0f06f994b0,1127.0,1127.0,0.0
24883855614e97bb417686b0b9fbdd5222ff3d94,10.0,10.0,0.0
254a75b6f0df7740f1c5b72e08580ff8259a5ea7,14.0,14.0,0.0
25630752bf0246e18917355588a452255ac78808,219.0,219.0,0.0
25632779fb7ebacd3c8800a9d2778ea74007326f,2.0,2.0,0.0
25a1671da5f6828d60ecbd4a2178e2c6571a9627,31.0,31.0,0.0
25be6b449a4f65fccd9bfe0113c32552577fad99,79.0,79.0,0.0
25d09c7aa2b14cc70ca739e2a4ec64b3a52bb55e,20.0,22.0,-10.0
25db1f48f0d81716230e7124698379f76dbf220a,1286.0,1286.0,0.0
260596708d957d067eb8d30e64c9aaffffe68b4e,474.0,472.0,0.42194092827004215
260c648869c62c05da243f00e507d2395aca707f,45.0,45.0,0.0
263bad93617b90a979bf1ea1100425b6e6391bce,8.0,20.0,-150.0
26ab312c8cea217fcd64decbe8e94f474ec17998,25.0,25.0,0.0
2700b3efc7608e87c3d329d20f1b3545813bf18b,1215.0,1215.0,0.0
27060bb4c6b36e56bd2d485cbe96b10381cdbb40,131.0,131.0,0.0
270c6838970758c76a347d46f1474fd1fef80ef4,103.0,103.0,0.0
2717ecf68341f6acbe251d98a1ae8436feb3893b,3.0,3.0,0.0
2741e9868e1e4f0e3a4a8af44abc7984de3aeb4b,721.0,721.0,0.0
27475b79da80792f5132764050331f281cc1d3dd,721.0,721.0,0.0
27798861b214917ea0009269d6152f2f55e0115d,51.0,51.0,0.0
2816bbeff1a14e8710ee523c82efc7d2ee436906,74.0,74.0,0.0
286233491de7faa2da27184956fb0bb6e1f0e7d5,365.0,296.0,18.904109589041095
2880fac292c4df1589d3d160b230a5d1552879d3,15.0,15.0,0.0
289620365f752905259b0940f96f77a52fd77d62,11.0,17.0,-54.54545454545454
28b77e25f8fc28e501d0cd3da0c345b04de6964a,600.0,600.0,0.0
28d9459f5354c5773b9c8f7ebe76992aa3873b71,54.0,54.0,0.0
28dd62d9eea21d95d06cd07e5aef436fd1f12c93,8.0,8.0,0.0
28e06033635496f294b7b527e631f28e2dbbe04c,2118.0,2127.0,-0.424929178470255
29420e1d411e96c7305d28bd670e125148cec806,10.0,10.0,0.0
298017ad54b9b8fcdb917c837084464a79b9a07d,721.0,721.0,0.0
29acb1f5341345f73e872aaea4408080b64850d1,56.0,56.0,0.0
29cec1435a9594dca722edf41d5e42bf5006483e,576.0,576.0,0.0
2a075b6a95053012dbbda56a3538d9a81698ba1a,23.0,23.0,0.0
2a6ec633306fb84d788d0b732229c132dc289865,23.0,16.0,30.434782608695656
2a6f8f12e291eeec58f1782e65a8f9752e7c5154,721.0,721.0,0.0
2ac8b8480dc4f80f0116ea35e90e7f8495c71e60,721.0,721.0,0.0
2b73f266abdd1430869c1278ac7e59f6fde54f6f,32.0,32.0,0.0
2b87e5e871e05c951884736111209013c94e64a3,721.0,721.0,0.0
2bc788452618e10d03d4a30b0c3a3dc2239c15ac,458.0,458.0,0.0
2bd4919883179fcb77bee98b487c706c2d2c6482,14.0,14.0,0.0
2bf835c2db6e0a2f89c65163c3ca8fab375e1bad,385.0,386.0,-0.2597402597402597
2bf97df6c917d78b5f0a2949514ace3ebab39620,43.0,43.0,0.0
2c0d9ba0a093da2d8dcc331b4816d73636092cc1,139.0,139.0,0.0
2c12c407dd255b251800536080c13060ee7a2466,68.0,68.0,0.0
2c9ae6227bbd0765d7a3b9cf0269ea5736ce7f94,7.0,7.0,0.0
2cf5c7aa21db2365542dd6071ef5f4f696bff290,22.0,22.0,0.0
2d1d419c03d81f547a5223cd6b80178cbed2d7c7,8.0,8.0,0.0
2d5551c2ee3cb37fa79edfbe394049b43fb4039e,1762.0,1762.0,0.0
2d5cd008295247142a3f33e735f6a4ef276c72d5,721.0,721.0,0.0
2d6b05a8c17568beb516fe9352056e69da6ce134,15.0,15.0,0.0
2e2e9d25ced961f465c5eb3199b8565341fac930,24.0,24.0,0.0
2e43ba4ef193c2e15f613fc09eb30068afa94bcf,44.0,44.0,0.0
2e996d07509a2ec0a530141f03ac934a8f0dbdbe,15.0,17.0,-13.333333333333334
2f7be974f20ce6f3fe377b8a3f48c3a72e1f0fa5,41.0,41.0,0.0
2f8b0b9184234cb78d409522510301219894ff2a,46.0,46.0,0.0
2fc90fdeae94be715974caa1659d2cd59e169feb,10.0,10.0,0.0
2fd573f9cade59418a5727eecf9a9e40f8d21206,27.0,28.0,-3.7037037037037033
2fe5864f38dc10aa35994d74fc58e1109130f684,103.0,103.0,0.0
300f0cd7ebc44855db62f8052836ce0661263ae4,25.0,27.0,-8.0
30995f1f094bbd8a589c41766a3a7ce8420a98ae,591.0,591.0,0.0
30be31fc631ed585fd774347e90294510241122d,721.0,721.0,0.0
30ec555aa98cf42cbf14b8fd0d3b34c5ef26caee,10.0,10.0,0.0
30fe6b383426c8b290e71ae42221f01fde832dd8,8.0,8.0,0.0
31018755bd9884df4c7a28a15e77fe09c3028aab,3.0,5.0,-66.66666666666666
3133b986ffa5441a27733e2770c4f6eacab18ab7,721.0,721.0,0.0
318a11abc23b951bdbae95f2f1b91a15eb160492,34.0,34.0,0.0
31ad33560a3fd9fa48f01b659085a59b24e7ad23,12.0,12.0,0.0
31eaedd092ce89a577d0dff93211e6403275fdac,4.0,4.0,0.0
31ec72afbde2ef9439fe911d3fe2245ae72a3c59,130.0,130.0,0.0
32081d6699513b977182c4f90581faafb37ce157,8.0,12.0,-50.0
325c8363533076cd9b8717750da50937ca7a800c,721.0,721.0,0.0
332535445949019cad9701cff67782f1f2990a7e,372.0,372.0,0.0
335dc400494ef474541288baa7870939943e0fc9,44.0,44.0,0.0
339ca3499ccab1780ffdaf3b879caa4beea77601,22.0,23.0,-4.545454545454546
33a6de275749be127f0548245e96d6739a91a843,1069.0,1069.0,0.0
3423d9759f97a7bc64501022961c7f593fd991de,132.0,131.0,0.7575757575757576
342453fa7a49032271c65e152950fb25af13c3f7,117.0,117.0,0.0
344e4114e57d5486522bf077e274e321912ca190,13.0,13.0,0.0
3493b50efc315abc44261cf2643bf7159b1f45b0,44.0,45.0,-2.272727272727273
34e144f83a04bfb74f47967d60e426163538a044,290.0,292.0,-0.6896551724137931
351b45e4a7917c5f65fdc6fef214d23ec2e761aa,87.0,87.0,0.0
351d9297e78e76a2de7785e6a1730bce3ccd9a56,35.0,35.0,0.0
355f05996c820af8be23dd09b9d299a8ed1b9d32,217.0,217.0,0.0
35723346a40d196b75c01120385165453f260c97,22.0,23.0,-4.545454545454546
3578497eb0fc0fa58b7b415e577f3db227a906dd,36.0,36.0,0.0
35947eca3d609904c971b8ddb73bb843c18ba7d4,149.0,150.0,-0.6711409395973155
35eee7e259eab5110c2a639e58b5fa6ce32ca6b7,1.0,2.0,-100.0
3609724fea1754a6af4a55a78786173f0b71c262,3329.0,3329.0,0.0
364175353ad323e639c388056c76027240cba109,721.0,721.0,0.0
367d08d076b275f2ad0372a56d90540d7d5c8b12,75.0,75.0,0.0
36f523252f44b530dca6a2636ad92758cd862368,721.0,721.0,0.0
36fa4ea570d51b82d2298d4fd9248aaefd513d0e,125.0,129.0,-3.2
370113b57f519ee9188a14ba58a348311f53a129,449.0,449.0,0.0
370bed9d4d1223a24fa575aa280497994156d651,6.0,6.0,0.0
3798402a73e0a4baed3ce141618d86159d1a16d4,1304.0,1303.0,0.07668711656441718
3809b56ce5048fdabbec3a34785bba28a9925aa9,39.0,39.0,0.0
38503a9b880888103fb5cf9c7729fc861cb90a35,1.0,4.0,-300.0
3896d9e541fe6d721a82e167951ca335565dbbbe,48.0,48.0,0.0
38a122ae5fe8eb29f6742f1e90293d64a8343e28,13.0,14.0,-7.6923076923076925
38ba044343e098f7b0d9019cad71a3ffbdb42b3d,25.0,26.0,-4.0
38c4941648474bdc12fab52e1ba9163b8d2a9975,721.0,721.0,0.0
39040dc8d0aefb69118f376426e91e22b1864f4f,17.0,18.0,-5.88235294117647
391177ef06868f8841abceec4712d1c32c07f0a1,27.0,27.0,0.0
393741975a6d3e4ac5a571a21d984d4b09eaca38,5.0,5.0,0.0
397da22d1a7ff29f2f9c5e45444007892fb7bfaf,378.0,379.0,-0.26455026455026454
39c00366a6dd4a2801454856b64bed64197e6abe,106.0,106.0,0.0
39df0d59174b879ace4e6af3ded1e4bab11ecc9c,2.0,2.0,0.0
3a3986a1589367b8fc37e3dcf70dbf2a1e041fdf,471.0,469.0,0.42462845010615713
3a8aa4472d184d79e7e619d1be070311712ee0c5,8.0,8.0,0.0
3ac571cd06376ae15286c902999d211e72afcd20,597.0,598.0,-0.16750418760469013
3acf3d5ba8bc6081f51eef6c8f9c0ea1fd11538a,3.0,3.0,0.0
3af3d43a7a57ee64d50e551bc04cdc42dba1d39e,163.0,163.0,0.0
3b87ce53d838638028c76d9defefbe427269c2f3,27.0,27.0,0.0
3ba2e46ee0a73199ef1d70376385d783939f6ae9,6.0,6.0,0.0
3ba8d6523a3577ccd51a10f91071828403705a2e,54.0,54.0,0.0
3bac05adba30e7e2d9c8c7c3494ad8c0047d4965,32.0,28.0,12.5
3bbfef4ca9c2a765b5c9edb66020d0971c828da7,12.0,12.0,0.0
3be3eb65d4bb73f9807848091969c2e01302b54a,1127.0,1127.0,0.0
3c17c6849298a3d71e1b897466ea7fe3ae0de8f3,102.0,102.0,0.0
3c37a397b21acd699ac08dcfbe162a40edf0da66,34.0,34.0,0.0
3c7cbe41fbd28fd8220b8f4f060f8e5c451ead6e,54.0,55.0,-1.8518518518518516
3ca3d73e84ae725e88625be09a2d083991d3644f,3.0,3.0,0.0
3cbdcbabf3ae51c04654024fb5e8ea6875c15c54,721.0,721.0,0.0
3cc800dd6cb893a8af7ac841307889701923d318,721.0,721.0,0.0
3ccec850773e0eec52f4ddc7585dab3d7ea322cf,19.0,19.0,0.0
3d86df43ef5ac270e97e1dacdfd85beeabfd4de9,822.0,826.0,-0.48661800486618007
3e1e49a4402f30c94cda72e3dc171e643c15601f,404.0,404.0,0.0
3e26247dc0fbab00eff965421e45bda7acd506c1,721.0,721.0,0.0
3eaddc1c717d02403844476e550e3570c304b415,10.0,10.0,0.0
3ef67daed26edd0a9542e70b9129f5b36afc73cd,64.0,65.0,-1.5625
3f141fb8a1c2968c5aeeb6571236749845ca90b0,1707.0,1707.0,0.0
3f19b80fff7756064787c7d1577763a385617653,19.0,19.0,0.0
3f4aaf6bd39460fe1447bd99732cbc7b38f8cf5f,18.0,19.0,-5.555555555555555
3f4ddf7fa0e28355e60a671c6790adc5b1f3b4ef,5.0,5.0,0.0
3f5e5d67ce8c5904e2ec01904b3506b11f288b6b,43.0,41.0,4.651162790697675
3f5fa89495839336fc6f1dc23e0dea5244a57576,105.0,105.0,0.0
3f7ccb929e0785c023523e95132b01bbee939a51,721.0,721.0,0.0
3f81d376a3d11d905c9b85fc47f979920a4446d3,255.0,255.0,0.0
3fd1a6936240757086e22a67aef02c6f7f889a4e,298.0,298.0,0.0
409b5eb5ac035aa51cf66436d6617ac22aea0a5f,27.0,27.0,0.0
409e9377f7488cd5b335a684c1f376a48efe558e,78.0,78.0,0.0
409eb74e4b0a7346eefd2b85ed6502dfebbfd770,49.0,49.0,0.0
40a11a180385fdbc30fcda3df95fc59978225137,25.0,25.0,0.0
40c8cb77be02bd42a076a74d05bbc431a09f2032,217.0,217.0,0.0
41191fff5785185eb986d807d88e0aa5adf273f2,721.0,721.0,0.0
415d127390083133f7ef51405d19aa9844533fa8,458.0,458.0,0.0
41bad51c30ec96a33b6f1597f660caa2e765436a,6.0,6.0,0.0
41d9b9da346b91f15e102dc1f9886fa4e1105807,2856.0,2856.0,0.0
41e715a5ebabd2df9f0e2e5faafa5c81e5be1b8d,1692.0,1692.0,0.0
41e817f79d8e19026de2a0ed0207243e2e49662b,4.0,4.0,0.0
421457ada02ecf38c00da0e5f33e2cfc9e6803ae,296.0,297.0,-0.33783783783783783
424e5f89b9ab4a59cd9bd2a584950baad034df1e,44.0,45.0,-2.272727272727273
4255875fce3422c2407ca1edee97b4f501e5c36d,26.0,26.0,0.0
430532389e13949e095a2566750abf0f79bfc251,1241.0,1241.0,0.0
430fa5c3c01ee43ba1c7d70b65d8c4fa887daa0e,6.0,6.0,0.0
43559085859469d78c7938f34d6ab41937a3b855,89.0,89.0,0.0
436614338cffe9cf1c97be004104384279112c75,69.0,69.0,0.0
43830e96237de99c66316da90474cb5dc6360fc8,38.0,38.0,0.0
438ce82cef1b675ada1ceda5f1624c87050de2e9,19.0,19.0,0.0
43994dd95a5edfffc9145ed794731fa2b1e9c916,483.0,482.0,0.2070393374741201
43a595067cdf6603094abbc8b89493dded30b623,721.0,721.0,0.0
4451c8125f5380a7d7a58b519e1a4316c3e8bc7a,29.0,29.0,0.0
44596bd26e49d4132a56162c27ee779260aef7a2,16.0,16.0,0.0
445eb779c24a4abcaf30cc34ddffd2956aeb6c9b,721.0,721.0,0.0
447ab78f0055d85b317aa9fb842184ff0bab0260,8.0,7.0,12.5
44bad9465fb84999d292dd1d8058b0a75a7e9350,9.0,9.0,0.0
44c450754d8d8d0234d83d4144eb49140f05c57d,1707.0,1707.0,0.0
44eabc047b465d3dfd4f9b450c65aa50cc892775,47.0,47.0,0.0
44fe68e844c05cfacdedddfebf0fcd20cb9fdc6b,62.0,62.0,0.0
453de027150b121160d3e7500d359761f04b842c,432.0,2.0,99.53703703703704
4548fe2f82d1c06e9049c1f8fd760c01b2b9f7c7,124.0,124.0,0.0
45525ecf8a9bd3ccd557367f1e5ffa546741d67e,48.0,48.0,0.0
45661c43dfff2c3152be107f4f9f4973794422fc,90.0,90.0,0.0
45fa287320fa8210eea7339d44a8a40014a37dde,185.0,185.0,0.0
45fccfafd8410ce734daf9593e3ffc1db80fabd2,1240.0,1247.0,-0.564516129032258
462ddbc75f3b43efb97b96a1cd7fcbb302230aca,69.0,69.0,0.0
4642a6746f81f8ce1fc1cc38a72a5f039e6db203,2.0,2.0,0.0
464376304b858de6c82de48d43fc5eb12aa5411c,13.0,13.0,0.0
46662df03086ffd089e6b95d0e4370d43dd31ce7,3.0,3.0,0.0
470e515fc7c8fc80830accd63a7d9dd44da70e6e,8.0,9.0,-12.5
476866011f0b0952fc7dac05c4c0ead50c09fd52,8.0,8.0,0.0
480c0cd6fddc45a8b6c69e6c1376eee0be6346d9,1.0,1.0,0.0
483583afbab29cb261ed1c97e146cc0f1744015b,721.0,721.0,0.0
483d7fb8ef4b5a0ca33bd230f361fcb30f185f37,1215.0,1215.0,0.0
487ead46b19056f86cded4afeb756c06649a043a,3.0,3.0,0.0
488f1371337beb51824aa7bb7051125565f7d164,436.0,436.0,0.0
48904158359bcd52d067d5a3264e8a91f7adf617,343.0,343.0,0.0
48b60b9489383080108700a9ef65c396638e592a,721.0,721.0,0.0
48c90ed0df5beada9ba0ee0aad64a1bf80e069ba,10.0,10.0,0.0
48e5341d3c52673ba08ffcf0941e04e80439d932,15.0,15.0,0.0
490e1dede2eb6c449873a7eb08a96717e8b91e9c,6.0,6.0,0.0
493bc7544b84750a797c415db45b3e91eb0daa75,21.0,21.0,0.0
494dd9cc34f2008d4fd19a0d78ebe23a42ec07c2,2.0,2.0,0.0
495b0d8eebc1631d04d4374551ca812838813c22,721.0,721.0,0.0
49723c4648e332b5da19c3f219a1f0de9bc8bd56,378.0,379.0,-0.26455026455026454
49bcacfafa08166d6a6d8b53b35184b0e35790c2,108.0,108.0,0.0
4a62b5ad9577e7b81c3ed07c480af30d99510260,19.0,19.0,0.0
4aaa7aa90728fd17ae977a0a7693acf0abd9dd43,7.0,6.0,14.285714285714285
4ac124aa9e73cc91dca062fde8c4b6af1d9f7739,509.0,509.0,0.0
4ae0b6bb7b42114a7f95522999fc416415fd821f,84.0,84.0,0.0
4ae2a8e33ebe34253bf11173b793f94005dc08af,90.0,91.0,-1.1111111111111112
4af38782fd42071869e16275375f55344f232e29,721.0,721.0,0.0
4b4622c06d45eb7a1ee93f8781a29d2ba7e150c8,6.0,6.0,0.0
4b5253a984d91f628fcfb22738f5ef21e7c24f5a,141.0,141.0,0.0
4b56a1f90efee9c75eb9b62fd3e8ea00535b1d63,43.0,43.0,0.0
4b73a5c8f17f5b8cd598e67625928c3cb69a19d7,132.0,130.0,1.5151515151515151
4ba454643027b2c946a869c2f25a14e6df39184e,6.0,6.0,0.0
4bb7df25a452ad29fdab4ad46a0673d929052806,10.0,10.0,0.0
4bc17fab809023379ebe2e747d9e2fa09b8235a8,1249.0,1249.0,0.0
4bdd651dac1e7d501228fa00e35118c3466927ad,252.0,252.0,0.0
4bdff2a0a94c2c2ede6ac972b06eb96465e2a37f,63.0,63.0,0.0
4c19beb4c1828dd4c8a009cd4b05b0168c5eed43,19.0,21.0,-10.526315789473683
4c4acf52fea7ad62d4b0a4306792771d99e9a370,29.0,29.0,0.0
4c8f65e3a96170f999d032b064f7d0652b0ace57,12.0,12.0,0.0
4cc20261b04cce41ed2d19528252f9aa38b9e058,46.0,46.0,0.0
4cd4ae6ba6a2b3c61e0fbb6ff9cb03b3730d8652,64.0,64.0,0.0
4cf249a7f577aafa84d366fbd04d0c69ffb9576e,16.0,16.0,0.0
4d05cf8f54869e64eab84b4f96b6de3d00441b79,8.0,8.0,0.0
4d075f366e42d3d2123f8fc6e4c50def1c551594,0.0,0.0,
4d7f80ca800066469f4a107b43a76b5ff6a9c97e,482.0,482.0,0.0
4da128710947078412d67ee38f5d50c3f317b908,2.0,2.0,0.0
4ddee62a5b70cd58acc47f03a2c25f579f3c2c5d,504.0,504.0,0.0
4e6cea11ba4cd531d79fe04281c7d64b6016c1cb,721.0,721.0,0.0
4ea17cdf98bd2de9f9302f5a9bd8f853ee704efe,18.0,20.0,-11.11111111111111
4ec1fe163dc6df2e394d29b9e112424862b7200e,721.0,721.0,0.0
4eca6b880e3e239274433248051ea46dce6aecc8,5.0,6.0,-20.0
4f1243b97fcc7aced18ab551b6b22cd075f0dbdd,23.0,23.0,0.0
4f1ee2fdaafccdbc488954c6f5ef89d4446da340,67.0,67.0,0.0
4f588ca43bd8535ffbedb533f7fa8b7fa9ea0bc6,721.0,721.0,0.0
4f798128e18e3ceafe606ae85aadfc46d7cdf1e1,4.0,4.0,0.0
4f967f012c8a2f2edf4c15cb70760ef8367fbad2,7.0,3.0,57.14285714285714
4fbfb66a316c39e3d2817ae372e678b8dbc1ad19,610.0,610.0,0.0
4fcaa5993c3c5c88793ca17f342f19281dc64acf,52.0,52.0,0.0
4fcdc90420c477e339e8d5890820393e616a8c16,773.0,773.0,0.0
505f7d32d252eeb22b536c728e07a81a5aeec51d,721.0,721.0,0.0
50b076de9c85e6601f7fa02ead9b7636f873b577,721.0,721.0,0.0
50bd7c6a74db0e9cf46df7896b965b630b441b66,32526.0,32525.0,0.0030744635061181825
51071ea3ac92d17341c178f56c1eb42aaf589953,721.0,721.0,0.0
514fc3540161fd9434c84deed059fdb68732bc5f,385.0,385.0,0.0
51553cca5691dea4c9b68e4738695c3ed91e6856,721.0,721.0,0.0
5159bb5541b87e3d615d2a760049c807e5d72e87,108.0,109.0,-0.9259259259259258
5162ab827042f1e233350377faeed3ab77d335c1,419.0,419.0,0.0
518bbff6481f564c40fad1890e59328f36ed8316,106.0,106.0,0.0
51cc5e89042e885830f3da3af4640f5a9cad82a9,10.0,10.0,0.0
51ce0a0e30194e582e9c65e90145b33bd9cb4903,75.0,75.0,0.0
5214b87c59c0973f1ff40d1f155e72b7bd18b03a,1707.0,1707.0,0.0
52239b815d9b77dce76a37b3b60679ba25813baf,102.0,103.0,-0.9803921568627451
52f4c9ec0fcde983c9cf81a77791a154eb8e2f3c,171.0,171.0,0.0
531206ef7f4b8362fc9003a2cc17f11456028687,769.0,770.0,-0.13003901170351106
532d36415b4bf341c1eaf94e070a8110d1534ba5,24.0,24.0,0.0
5360d8ad221af3ff7e3dd16a00f4456c6ebb52b3,12.0,12.0,0.0
538f2433c1329164d609e8e5d94503faf61a6ab4,18.0,18.0,0.0
53b5c24afbc350eafb1a57b17c4dc9af437afef0,109.0,108.0,0.9174311926605505
54033369ded7c5e7c2e5acd81f918b9c90b63197,44.0,44.0,0.0
5418078977e19a6657b88b3adc994dc3409606c6,62.0,62.0,0.0
543eb80005f87ce7bde5b60553cd9d20b35e8b32,1241.0,1241.0,0.0
545cb62a17ba3b5ac13acf36bd0ce77150c9ab2a,33.0,33.0,0.0
54638f005b1b96ea7562bf56ca2fd4b738bf8aea,10.0,10.0,0.0
5491730e8f132ded0108bf49a3d763fa362b1782,0.0,0.0,
54ad5ebac40b3b98ab2695e5d6861481ac51e641,106.0,106.0,0.0
54c03289380141073253bda7f747745dbb9dc673,47.0,47.0,0.0
54de6561c10515a75a57d727846fbb7b66b59d66,386.0,374.0,3.1088082901554404
54fe3598c025b30fd8947bbb105babd13d9b5ede,63.0,63.0,0.0
550625846b17061d22b50bde8abe9b5d0c91b30e,27.0,27.0,0.0
550f391e81785dac3018f6904cd970d2123f6861,32.0,32.0,0.0
5516111eaf3f11f00b1137a5cf57a60f187a4042,1062.0,1062.0,0.0
551a7f750082de0aedf2dd2a52290fdf44961011,14.0,14.0,0.0
554092cd5f99eec6b518e269a1e03e4a9185df13,4530.0,4530.0,0.0
556a89d05556fc421f074000087f5da71d69fa60,45.0,44.0,2.2222222222222223
5595f634b70d9e657b803ef1b555bee4698f17ba,86.0,88.0,-2.3255813953488373
55a8ab6c3f67c3584178c293bf2765c76944a6b3,9.0,9.0,0.0
55c286025c6c4a5bfa35f9347f7f2546dd8f1e86,20.0,20.0,0.0
55ec77fec1468aa6224c9f7d22ed05bc4b3ad318,686.0,686.0,0.0
55f01186eac0d278cf553cebcb7a9a8e689b0bc6,7.0,8.0,-14.285714285714285
56e5016ecf61017064ef54b806e0cb9c56865e07,10.0,10.0,0.0
56e81500189804048dc636b94e5d4876a3f0f1f2,3.0,3.0,0.0
56e932cc65612cd305228deb935230f7bcab2c53,14.0,14.0,0.0
572f0b9d745666db048dd9fae6ac0a0e208c5132,16.0,16.0,0.0
57313987d28e86fba304d0f4ab087016790e428a,49.0,49.0,0.0
578d743a4f2727536793e98d5b526087c2721f70,1707.0,1707.0,0.0
578e0a6642e0e141bcabaab294d7552d60504ff6,591.0,591.0,0.0
57b2447051640c2f8b211e3293da02b3c3ca98dd,81.0,81.0,0.0
57dead6c83e63c022d2e8e6140ea00b7edb8c444,22.0,24.0,-9.090909090909092
57fdf4f2b9c9de8bc218d6888f60a2ff5b09c204,77.0,79.0,-2.5974025974025974
582a9e758f32ac6371c8017aaf27ddb7604dee6d,13.0,13.0,0.0
582ce58c26b152587dfcdf9217c47cb9138289b0,34.0,34.0,0.0
5863e4fad8d217d07fe3e97906de84e71d7cecbf,472.0,467.0,1.059322033898305
588d614b4b3e92564806a89d84837e4196519c58,513.0,512.0,0.1949317738791423
589cb1416e1ce73f8701a9728cd32cc401f09132,25.0,25.0,0.0
58a696ff4563000d44c4d41da7bac94076f2367f,721.0,721.0,0.0
58c39e14415f4cccda7953c18b4dcb54b1e533ec,111.0,112.0,-0.9009009009009009
597a1adea34bf8f81dbbbc7ffe5d38e5c275198b,19.0,19.0,0.0
59bd976444ec69dfcff23674b28d38cd068e558f,16.0,16.0,0.0
59d2aaa6df93c87a00f2845b0d84d50e3dc6e178,42.0,42.0,0.0
59e5e84674fa57db903a8f6aa59ad55f489f0190,32.0,32.0,0.0
59f86b3a1da1cc48f2dd5f149105982a24938f3e,576.0,576.0,0.0
5a3bf72221bd5bcf9428456b089bcfe3cb097328,73.0,74.0,-1.36986301369863
5a5dfdc0f6d05bcaa30be8df721da926cbb84ae5,6.0,6.0,0.0
5a64a842835cb967060e6d72de847dd1db165d1a,122.0,122.0,0.0
5a7841d5dee2918bc3fce4dc121a4596fa2fd849,12.0,12.0,0.0
5aead790905de636fc6392238708bfc79ee4aa35,49.0,49.0,0.0
5b05ff32c771867f70b6215a9d1366e97a5d82cb,24.0,24.0,0.0
5b0f42d7e1aae371b6ea17052a38ffb21a5d480f,49.0,49.0,0.0
5b55ef0b02c2105d26ab316ec8fe3c6379541063,6.0,7.0,-16.666666666666664
5b57491ce7b4e043f9da31d566d3e120a35f22ff,39.0,39.0,0.0
5b775a143f37c180df1efbf7b6eeee145fd242e2,50.0,50.0,0.0
5bfd22707b3c029f3d661a8dd35a81c6c0b06dbc,223.0,223.0,0.0
5c365742e7d704f96dae998779ff4faf04d9e57a,17.0,17.0,0.0
5d1bb97d59d9591a35c1321af6c7219db0e4eb39,49.0,49.0,0.0
5d72b616929241dc5b073b680c6915abccec2935,125.0,125.0,0.0
5d72f2bf27cb4e8a56828e2fec2eb1ae85f10fa5,82.0,82.0,0.0
5d8e258014fc3e41302922590973f4edcea45809,131.0,131.0,0.0
5dca09d2108df6cc3a9efdbf88eb6abe66625fa6,1692.0,1692.0,0.0
5e0cf41101e7333f39166f6d7f98d49f7366aab7,721.0,721.0,0.0
5e14506d29f7c5bd1b8e97e6bca1c173cbbc2eb2,14739.0,14739.0,0.0
5e95065b3986013a7d41b4cbe0fc81792ef97b32,129.0,129.0,0.0
5eb69cb9ea3fcf30cc5caf7fa11a8c276d39a97c,3.0,3.0,0.0
5f28291df09e060187d41df11c09bf88f7bcca9a,721.0,721.0,0.0
5f5dc847ab3ab67803d8ba14a2a91cfd21238aad,50.0,51.0,-2.0
5f67c4f9588fd24e1dd76bb4fd8eaf6d53806519,374.0,374.0,0.0
609e741f5d00b5a3b1ede02d1826a2997453b0bf,242.0,242.0,0.0
60e4938571867e5f85858e05f1579453b74d4cde,1241.0,1241.0,0.0
61274fe943025cbf963ac8404ee6ca46abf4938e,409.0,409.0,0.0
616ff99d6aa12d981ee70ba3019f4ad74361b18e,604.0,605.0,-0.16556291390728478
61dff5e30cf9c0d449ea56ad51ce824599c78515,130.0,130.0,0.0
620d30f01fd1e0b76ff63aed9349824c58fd0b71,66.0,66.0,0.0
623a6b577a42b6e7cffb356c085e7bfd6f7916d3,74.0,73.0,1.3513513513513513
62664c2572da1dfa7ba06f5cda30bcc30548da32,124.0,124.0,0.0
62d4c603ad31bb7b8adc3a1d95f27a967b61c1a7,62.0,62.0,0.0
63251d337083a226c5146886832f184ee809611f,1719.0,1719.0,0.0
6339b2c48cb937986762de2f84f1e0711a58f2f2,1.0,1.0,0.0
6340897d1a3350c0b9e2467c95fa284b342cf28b,594.0,597.0,-0.5050505050505051
6351f329cdf21e2eb7d19d66febcc609e1e32f14,132.0,132.0,0.0
63b1fc78d59a9c734705f8ccefc3014b5ca56bcb,404.0,404.0,0.0
64458c0999b000dfdd90415638d9bdacc1f409ea,443.0,441.0,0.4514672686230248
6479c17b2a13d8fa3687cdd0276fa2ac922bf805,721.0,721.0,0.0
64a979743f490165af0fa011640bf9aa659c9b63,41.0,41.0,0.0
6518689e81ab2cb798b16d1188fe5d103c3a4223,13.0,13.0,0.0
656429bc472d0235dcd3119759e57dc09baf6c82,18.0,18.0,0.0
65987740fc7e3c443ded07ca1e5ed92050211e9a,34.0,34.0,0.0
65f03bd8f6893ef25b368ecc16e7d14b1153b42e,1241.0,1242.0,-0.08058017727639001
662f7ca9cb1e2f722a28b3736e16c2411d402868,146.0,146.0,0.0
663bf58b75d2c5781c0d0cacb7757eea29680b54,721.0,721.0,0.0
66611601f308c9898ff2ff43389fb9a2dbdda7e5,210.0,210.0,0.0
666e109b923b1567f4523bd2a13a32f35c92e50e,4.0,3.0,25.0
667eb723bd62b34a94afcab931e758388b624961,5.0,5.0,0.0
6696106a31ceb01a9665a55f0226886bbe33b5df,721.0,721.0,0.0
66d4b08ddf1dd62332b08b8e5110e3b61ed983ac,41.0,41.0,0.0
66de26eb3d8824147001bde58ebd2ed1f56d34e5,28.0,28.0,0.0
66ec5a3dd1f466bbdb5291b7d78021c20eafb276,148.0,148.0,0.0
67ac98e0e8152d7e602f4ced9a3d28d9b1b14435,1.0,1.0,0.0
67e104e660348d35a41cec3d19925a33acc03981,364.0,364.0,0.0
67fce4ce0dd018b9a9a0a80f617251c6796cd6b7,21.0,21.0,0.0
68387c4cbc3dfd0f2d809194d50df5c4b4393b81,721.0,721.0,0.0
68c02deec042f9f5e4c6dd0b9251a690950b2e26,20.0,20.0,0.0
68d92b8537791f97590c0629a30e6cdc75330b58,88.0,88.0,0.0
68f62ef72c0e61c6b4901ffdddd820bee661e030,106.0,106.0,0.0
693c5724b01206641fca91f631d2ad69e9559efc,42.0,44.0,-4.761904761904762
69bf476ae8bcb4f7476c3a909adbe69854dd99ed,14.0,16.0,-14.285714285714285
69c294125a93feaac86548070a707cadacb3b7bd,1215.0,1215.0,0.0
6a15c5f5fdbd3b8f0412259ed1d80f63ff35f626,721.0,721.0,0.0
6a1bee99d297b612458f2baabeb718e924e52a53,125.0,125.0,0.0
6a4e5dd06163d5ee320fd7d75b0eb593710aaa2b,25.0,25.0,0.0
6a80a1ecb1764732338ca4d16e30caf9d8ab459e,212.0,212.0,0.0
6a8c1c1a9f1951162890681ae377c6d7f2d6b286,3.0,3.0,0.0
6af55426e99989d399634887d76a68125ba01273,532.0,532.0,0.0
6af800c2b898d16858df4580d95a1bb4b9b4145a,10.0,12.0,-20.0
6b014e2fc365fa21407eb36bcb7318a1117e063f,41.0,42.0,-2.4390243902439024
6b4f9e84c9ea50efc84063ed4858ff3a23832af7,1268.0,1268.0,0.0
6b6c3e237fd4547468dc65e03215bbf68cc7acb0,27.0,27.0,0.0
6b96d6487f9632838e39b8dfbf907ca9247b2fa5,1098.0,1098.0,0.0
6c023b6c4630e7fcc4a6984aeb8bf64a111a0311,81.0,81.0,0.0
6c0e1aa5ae25b6945ba28d35a8456772c69e1acb,48.0,48.0,0.0
6c68eedfadd6cc552f42ef6a47fae177d7d382c9,126.0,126.0,0.0
6c6ff6aee4fc125808f7a6c27bf9f232efa534e2,407.0,410.0,-0.7371007371007371
6c76bf03d4c8879d24bb34a4732a3916d0c1a3d9,2.0,2.0,0.0
6c84c903e6e72d9b44f40dea29f7dcf71c1a10b4,33.0,34.0,-3.0303030303030303
6ca9186b8b562787e94b684c1d0e8de53dd9149d,10940.0,10940.0,0.0
6cb62e8f24b50bb188bae103d27946ef49dbfc94,773.0,773.0,0.0
6dbed8480e52c10c462652cae1993d430e662284,19.0,19.0,0.0
6dec5ded1f592d4820188ff7836524fb2b183a97,32.0,31.0,3.125
6e44d1438817455bd20c6b7376f7ef022da87f0f,23.0,24.0,-4.3478260869565215
6e61d7a504bfd83111a96bbcc116d81d1e9bf5ed,1704.0,1704.0,0.0
6e650901b2b8de76298d9d5ee42021eca7b5e360,10.0,10.0,0.0
6e7842b58f0034087003f52a1bccf3fa92dfb24c,721.0,721.0,0.0
6e82d38323bf2748c2830354d463180cb0e6e0a3,47.0,48.0,-2.127659574468085
6ec71752eb12f831367043a276d9c648fdc04631,82.0,82.0,0.0
6ed447141add5398a89d18b95b87f6757d644789,490.0,490.0,0.0
6ee1b20baca0a5f85b05ca4f9c118c6a341d4c1a,467.0,466.0,0.21413276231263384
6ee465226c3ac71ec5cf6351e62a09c7fc891bb0,13.0,14.0,-7.6923076923076925
6f64bc5d72fd957b84b91830f8896c287d506419,25.0,25.0,0.0
6fc42a002bbdccd74d8fc123b74495c3341bf2f9,13.0,15.0,-15.384615384615385
6ff85eb0733ddf87ab08d799f5774cbcaacf7b31,116.0,113.0,2.586206896551724
70166eb78f9ffa24f70ceb6e52f5d0f0fd113d34,3.0,4.0,-33.33333333333333
703a895b98c06d5db537c69b09cfbe575c05a0ff,211.0,211.0,0.0
703ede89e360e4bd3205ce73a51c6be36ef2b406,16.0,16.0,0.0
70cb28440680601f24bc5d60bd7a7cff52ffc04b,34.0,36.0,-5.88235294117647
7113a3731d8efbc581be73e2d7d27b7d000172db,721.0,721.0,0.0
712130941314c6f22db6ab39870ca20ae95ffcfb,2996.0,2995.0,0.03337783711615487
712f1cf632e5c4c6725ec31d4d110b1b793cf815,118.0,118.0,0.0
713f4b53418cc5266749da2b8ead24eae6998eed,331.0,331.0,0.0
71ac624a0816b574f00e028cd68874a493a410d4,12.0,12.0,0.0
71b3d0c53685ea655478151a7c5f4312b734117c,31.0,31.0,0.0
71be482b699cccfaabd6a80b54c7432b21e79387,15.0,15.0,0.0
71cdf3b4f100a8ac5d2a9ec7dcb7585dbc0efe34,31.0,41.0,-32.25806451612903
71d0b360a0d60dba729a3e1d6494222b46cfb2c7,17.0,17.0,0.0
72630c16a70f4e86536d4e60c218e8cf87c0700f,17.0,17.0,0.0
72a1c8fbb164e7e7c0402d352f4cf0920f213319,108.0,108.0,0.0
72e0e8caabe9aa0930bab82b93f9ff41f3749d6c,106.0,106.0,0.0
72efe5175d75f9f6f2502a141d62d7683da7d979,146.0,146.0,0.0
72fe3ac7060850cf59331cfef1b4bbb4f07e7ad1,218.0,218.0,0.0
7335536d0030048f43ab31c636d1203368548b73,118.0,118.0,0.0
7340104d3209cbe19e1ffd7279080706cf9b4f8d,721.0,721.0,0.0
734cd0b00b318571701ac3b7edb5e18c8c1273f2,1714.0,1714.0,0.0
73850157e6112ea54ddaef706ca90cc13e064b4f,5.0,6.0,-20.0
73d9b63ed97ee6160a63e2a9ec32b5026019efbb,721.0,721.0,0.0
7401b62b6a6edadfafd5e6d8692859fd8cd9c18c,110.0,122.0,-10.909090909090908
7433521f7cf05f0f9935f10c09386f15040b5a20,150.0,150.0,0.0
748f7def5b862a330c955788a9e7421939cb3733,57.0,57.0,0.0
74f2b0af5805a9532cc6ceb93cbe655f418102c7,398.0,398.0,0.0
7544ca5850cca06c44f1a5b63a963f02007f2e7f,16.0,16.0,0.0
755ff3ba8d8de0f379f1a5bd9d8da8df268115ef,12.0,12.0,0.0
757a55ae8cb66f65cd733e566a195b3f34f2d4d8,1707.0,1707.0,0.0
7580d005d4e0ff0168c2eb342871f735d36d3795,9.0,8.0,11.11111111111111
75a3d560d83a43fa2f2de7dc0cbbb3ddcdd72e2d,721.0,721.0,0.0
75c5a9387c495749d36068af06b3f69e300dc546,721.0,721.0,0.0
75f271d662ca68e766f0f522b02edd819cb3da19,721.0,721.0,0.0
762bbf7334770df6766dfe2df2b60afeb2270d7e,23.0,23.0,0.0
766b7fa9ed10b5604767430be4ea991e52964b44,773.0,773.0,0.0
769fb64c58518fdca3c65082e2972610cabe6df0,6821.0,6821.0,0.0
76de8f6326d4e125e374545960e5759a8c646c72,4.0,4.0,0.0
76df71a860de90c31fe446d3067fd1cde4f5ffaf,733.0,736.0,-0.4092769440654843
76f62d06a671f31bef9058de853699a55589a78b,8.0,8.0,0.0
770997f26c38c9184d48db8394f58564e6dbf20c,59.0,60.0,-1.694915254237288
7711df1e5d68cffd00c7dfcbbb9aef6b957cf9e4,10.0,8.0,20.0
7745092ba997280d254b212c27365f660f566851,1241.0,1241.0,0.0
778cab8603c9ca50fc1ec4346508b3fed6b2736d,360.0,360.0,0.0
77aaa01c94f51dc5b463c605abdfeda4d2037a42,129.0,129.0,0.0
780044cc8b7c9fad988d3f9737cdc21c211a543f,25.0,25.0,0.0
78b5fe766040cb13675cd17dad43716683471796,721.0,721.0,0.0
7914d8bfd814cd42e40e257b3116c3f8bb70f4cd,21.0,24.0,-14.285714285714285
792f2df5322538003f23335d3858b8cfa75f675f,1755.0,1755.0,0.0
79562285692f385791d9e157013985314c471f4f,61.0,61.0,0.0
79a7a4b66abeb784870d21c65ccd10bf6f066cf0,1040.0,1043.0,-0.2884615384615385
7a05df83b3f239825eb042aacb77178963a1a1f5,146.0,146.0,0.0
7a625e455c4f8b641e56acf5238e81008e6a3c5b,24.0,24.0,0.0
7a6eb9919e6e9bd7a7051d4aa33a16b0816198a8,19.0,19.0,0.0
7aa827b7d93cf316f581aeffd0069d3d63265867,123.0,123.0,0.0
7aab0de977a97c17bba20a3a4116cb7eb4b7eb59,7.0,7.0,0.0
7ad672051e024c986337aedd6c84289b3da62a34,1.0,1.0,0.0
7af3b5a3348f397e7cc4209cc9258257e46b6345,13.0,12.0,7.6923076923076925
7b1c94efb84caf924b2e592bc6b03cbd6d9ee626,3.0,5.0,-66.66666666666666
7b38f6fccd7b8aa6f104da50d50a88ca1c65e78f,1303.0,1303.0,0.0
7b6d468cd1851deb196f4708a4e02a95003f33b9,19.0,20.0,-5.263157894736842
7b9580b39d8c1fbca0a04b1541dc961de2333e71,41.0,50.0,-21.951219512195124
7ba4c25a948d2c46e7db47e4116b81da8e9615d7,138.0,138.0,0.0
7c8bbb589558a8529df9b1e6410c5120023a3ab0,1.0,1.0,0.0
7c9daf89bafffe5e181fb8f5aae68b6c6925b657,11.0,11.0,0.0
7ca163642b9f52b8b89d7386ac315e9046ae00d0,721.0,721.0,0.0
7ca77267f14847cc37427b4695e7ef94cef21ec6,773.0,773.0,0.0
7cb20f6b0ca8c01c72152484cb47861d25977b5c,10.0,10.0,0.0
7cd993f97dd9c6ad6b72c97da3baaf4c12769bcd,1249.0,1249.0,0.0
7d05ad80b5e7e4edc7767c9dbecf64b0d46eeb0a,31.0,32.0,-3.225806451612903
7d4bac3a1ba19248f268426dcde189b5d9e73b52,17.0,17.0,0.0
7d6199f3f5f1056baf6e70975c554999e333c9ee,56.0,57.0,-1.7857142857142856
7d9cd1f097d4255f0010360be5fd9105cb4bebb6,721.0,721.0,0.0
7db35ac17fb09550cc88731b7ead05fb12ee06d7,10936.0,10936.0,0.0
7de72b2a1ed5878c64d80c55bd414e770e9195f8,97.0,98.0,-1.0309278350515463
7e29ba7212cd61b9829e1c9e79aaad7e9cb22c25,1711.0,1711.0,0.0
7e32f881914add96979c491cd35e766f3ccdc810,721.0,721.0,0.0
7e8329824daa3b752fbae66143607d144aadf3e4,48.0,49.0,-2.083333333333333
7ed74052c4cd8e5ac1c019eaf114ebf47bf92517,1.0,1.0,0.0
7eeae3bcfe330819530faf20ea2a5170496fa84a,3.0,3.0,0.0
7f0eda1ec3cdb820af0629886ed0d6008016bec9,10.0,10.0,0.0
7f196601c6c04a4157a00847932876c8ff9730ab,721.0,721.0,0.0
7f5a7b43a0733b426b7209aa0119e4b44f31ff60,721.0,721.0,0.0
7f604284896fea76932ea9906c0793b47f790916,9.0,9.0,0.0
7f98ba63254d5c66f014680eee0c98da540022c7,721.0,721.0,0.0
7fa330a15b1668ecd4ab1716e6f08b191a2a77b9,122.0,122.0,0.0
7fa5ac94862602f3cba9ee9eac4d80a1a2165504,10.0,10.0,0.0
7fd5a0310ba94ee2f10c4cbf3fabf3b1f2fda53e,252.0,254.0,-0.7936507936507936
8010e3d50743803cf5f1bf1ae32f4e233a6ddde6,472.0,473.0,-0.211864406779661
804a6cbd684e88569601c6e659dd91948dfe09cc,252.0,253.0,-0.3968253968253968
806cdbe32c350993550192989fecd114f982bbb3,1286.0,1286.0,0.0
80cc1ec3d3f6d58b2820110bdf3a5e5f4ca64003,118.0,118.0,0.0
8130169d2d195333ed82f36be9461e88f675059d,43.0,44.0,-2.3255813953488373
8181f0f2c1d77dded7df208c2d4d81e8b5bac209,341.0,341.0,0.0
81c70ac4ca7db8172f039b52b37487f4851b8126,459.0,459.0,0.0
820a81ccb4267ec0e586f122324970d96a7f2709,721.0,721.0,0.0
8216aaa8cfec532fd7786ca9a18b231ba20267be,1037.0,1037.0,0.0
8254ce6d7f433167b069d2a0b089eaa41d43a5b4,96.0,96.0,0.0
825b7db6371ac694633504a646e7e81df0a59340,721.0,721.0,0.0
8296b7eac4affcc23fcbd45718996f4b2d84e6e9,457.0,456.0,0.2188183807439825
83413dac4dafa6904ed8cb12e350c3f89619a9fa,8.0,8.0,0.0
83578f3b254306143ed656990bc5f9e64194d38d,104.0,108.0,-3.8461538461538463
83814a19bde2ca8735dbc4a05eab984b693df985,600.0,600.0,0.0
83a5fd23d71a843edf4783b1e4d1df5ddb6f2597,179.0,179.0,0.0
83f8c6039e5ef8bbf54e0bfe619f1f7bd5869c13,1.0,1.0,0.0
84202d9c195dba880c0b3ded60c1437fd9db927d,73.0,74.0,-1.36986301369863
84a8b94ad69246444a1019742b9411f7fa169c15,91.0,89.0,2.197802197802198
84d61545fef45bed546e5abccc5632b592ae9b1f,2447.0,2447.0,0.0
84da7f4d682337a0ab1a910f0fe17efe58122e20,1711.0,1711.0,0.0
850bf6cd799a791591b7e5ce6a179074a8f7c3b8,87.0,87.0,0.0
8511f7799ec312c06b9c34ed9719a88db35ea494,6.0,6.0,0.0
8531d73a8058a73c62e046f56e6027e941dc75c8,223.0,223.0,0.0
8567b7595af8a34722a7220fc2feb74fefd88af4,11.0,11.0,0.0
857354031bbded06fa447c197071602e0c4436b3,98.0,102.0,-4.081632653061225
858ee2525e7d595ae29db37be722cbeb16446adf,1711.0,1711.0,0.0
85946ddf08937da48ed5fa457cffdf7b9621ac2b,695.0,695.0,0.0
8598142f4c8240cba2f9ca2f7edb608ee0d99e60,82.0,82.0,0.0
85ecb7c1ae1fee92cd54005286e05d3d30d1e958,385.0,385.0,0.0
860a52cb61df160c7e155b4f0a849e4b14c1c186,199.0,199.0,0.0
8610f1a6a88c8566ea3301f6b4fa2c0e6de201a3,299.0,298.0,0.33444816053511706
862a09e4e00fa42bfb5c6216c98da8593397ce40,459.0,459.0,0.0
866757c9a9c9762e394b296b5bfdb5bd9421654f,105.0,105.0,0.0
866fb6501e23334b7e9ebe9d63deb9bd6115dbe5,21.0,21.0,0.0
867867f783036610f410a079ccdd728cd4088cd4,24.0,25.0,-4.166666666666666
86aa97f10c4e7f0d3a4823ea02c0184f8b96319d,58.0,58.0,0.0
86c3ec4b01c8855def68874f6727e285056ae70d,23.0,23.0,0.0
86dfe74ec644c44936a1e6e1f2cf0a7e67be1dce,106.0,171.0,-61.32075471698113
86f5fb1650c2d73a9d23747fbbcd5d1991284a5a,213.0,213.0,0.0
871d169bd4ea0e8a12315f0575f348e5450d957c,41.0,41.0,0.0
8743771b9c74fd3efc069c0ed36a78ea4e783ede,58.0,60.0,-3.4482758620689653
874688766c7c2d5a7043d7bf1e7d83f27a5dd85c,5.0,5.0,0.0
8785f47abfb11f250d480f5ab34db13f9efc3c3a,721.0,721.0,0.0
878b986e787a837b1f29d838e59a08c314212c13,1249.0,1248.0,0.08006405124099279
8790889851504ec80a5eed3feeacb7f157954513,86.0,86.0,0.0
87bf42bd3469159b14f60036c19fb6baac9bf1c0,24.0,24.0,0.0
87f844ec73e41eb30700d2ca07133736f1794a6f,52.0,51.0,1.9230769230769231
885336208f615ee36b49c8da175640809cbce905,2434.0,2455.0,-0.8627773212818405
8874f3848fa96d64b2c5b713fb91342756018acb,22.0,22.0,0.0
889eab5aee669c0c07b2efb9eb3af5defba112f3,12.0,13.0,-8.333333333333332
88a5b7ac2f022c04bd92b228489c27ce661ebf8f,63.0,63.0,0.0
891dcd88e157c33a97458ad254992235769a9e26,28.0,31.0,-10.714285714285714
894dd52cbb4468759c565052128b34d79c84219e,831.0,832.0,-0.12033694344163659
89a29ec30e0f725d9300476cd2e3271ce9277ce2,211.0,211.0,0.0
89ab58ba005f89699c8ab8b0256140cdfbf8ac91,31.0,31.0,0.0
8a67cae18f473dbf1e30121860a0f760903502e4,471.0,471.0,0.0
8a73167699a0d07ecdecf8842716d142f45ff062,721.0,721.0,0.0
8a79ceb8d52dce42124aefdf09d0e14a3c50eb3f,115.0,115.0,0.0
8a84a71260e2fc15ba864831e10606730442b0ed,81.0,81.0,0.0
8a91bb9e2b2f5e78583d61ed0d8cbcc42c75190a,32.0,32.0,0.0
8aacd9291f9cd7853ec12dece58acd26e7d00c1c,4.0,4.0,0.0
8ae6ce9310fee17b55f8004565a75e982ba3ffc4,12.0,13.0,-8.333333333333332
8ae7878b097415268971c643990d0801b675bbba,219.0,221.0,-0.91324200913242
8aec32ad49aa09c3b126583e6def95f3e2aed791,52.0,52.0,0.0
8b648bc24010a6edb31e6c4b48c4bee0c36a9f56,721.0,721.0,0.0
8b713696c1f37de6ed6f9d9a9d1dfba446c835e4,27.0,27.0,0.0
8be47608755d769073c6049e24ab8750dbfd6ff9,521.0,521.0,0.0
8c1dac212448ed1a26c4d6f931b5391c64118658,721.0,721.0,0.0
8c292fcdac1ddff28e8af29c414a3bf6a682789f,721.0,721.0,0.0
8c2d78fbe65ef2492a01afe7f60acd4f4acde612,7.0,7.0,0.0
8c7ee21f88e6b0ede356a45ae0f15124d8ffca80,141.0,141.0,0.0
8cb596c8f759ed2b42b55cfbaaff5d52d7fa4a44,20.0,20.0,0.0
8cdc1a65ab3c01dc5ec52f3a07cdabba989e0ca6,32.0,24.0,25.0
8d574034881d4e305a3dd607bba11d8f64181c60,1327.0,1313.0,1.0550113036925395
8d62809386bffc5c6f28e64cc58f9a6b72f61fb4,48.0,46.0,4.166666666666666
8d92ada752fffeb21c7959faa855936ab034ab79,217.0,217.0,0.0
8ddd199d3702225043b9681e4e2186a0e1e0a42f,721.0,721.0,0.0
8e06eb08a28d642486baeca7d0a3d1a51870837a,19.0,19.0,0.0
8e0886b8b6ec15d7013b9dd3487e305cb1f1030d,5.0,4.0,20.0
8e0f55cc53e5fdb8d50be031fe115502d3b5e7d7,46.0,46.0,0.0
8e438e08e6efaa4391a1ed223d8cf20541e07305,339.0,339.0,0.0
8e9ad26fb397197ccf54831d65a2bbcd66e4e82a,571.0,582.0,-1.926444833625219
8ebc372f83e85aca06db14488e18cc329710a7db,2104.0,2104.0,0.0
8ebecb6c43abbe0b87b0e9d18245f17b7f2dc8c4,721.0,721.0,0.0
8f1e30a74506eb87c70c94f099e0749c8d01498b,199.0,202.0,-1.507537688442211
8f961196b5f03cd2b79454eb7e475a210d5b2883,41.0,42.0,-2.4390243902439024
8f98e5ef4a0cc3a88baebf007de2fc4a6d96c9d1,7.0,7.0,0.0
8fadb9a29bca77b456a340a71fbb0dcd5a01419e,22.0,22.0,0.0
901104047b7f2c78b7469691731a76cfde12c1a0,374.0,374.0,0.0
906c6a84765721a5d0ecf40935e7c51c5adaf8a0,48.0,49.0,-2.083333333333333
906dfd7d8df2f0b1d2d9fb03fbc6b100deb7ac74,2.0,2.0,0.0
90a4253abdcf41b22434e5e5331ed9be6232c00b,8.0,8.0,0.0
90c419c21cdd12c9a9f60ea3d5bb1bd94b2828f2,721.0,721.0,0.0
90d40fe03aa21f353bc4284e2938bbb299d5ab38,721.0,721.0,0.0
90daa99c9fe8eb10325849f0253125d6cb5e6087,1240.0,1241.0,-0.08064516129032258
90ec485a1f3d5790965244e5848a0348f9105e75,54.0,55.0,-1.8518518518518516
9100851f0c64ecb9ca65b0be9c9961e3abb65025,181.0,181.0,0.0
911e105832cb715cf82106a024139a469c619eca,19.0,19.0,0.0
912d53110feca3101cee7fe948bdef7c1fab462b,48.0,48.0,0.0
91617a493e66678ec0b68fa4b7595b5646c1f842,5.0,5.0,0.0
9184472fe0e8a1761f526f83ec4d962ce2ce7a08,88.0,88.0,0.0
91894c579c253b4ddbcf6825f74283501dee7e0f,721.0,721.0,0.0
918efb3144a916d0697a721eb17f38c18318eae1,31.0,31.0,0.0
918efd8f9e8d5588f7940f9ce68e8f9fa0d3f348,13.0,13.0,0.0
91ae1a27579e868dca188deec915005499acfeaf,721.0,721.0,0.0
91c3deb4fba729d0a6abeef65585bb304af4924e,114.0,114.0,0.0
91e21f681fbf7741ab00b392f4d4d6a25e7b4778,48.0,48.0,0.0
9214aac0db110b3bcf830d1dda9f0b4d040d37bb,26.0,26.0,0.0
925dbacc5cbca6406079101aacb2635c18bacedf,435.0,435.0,0.0
926461550035453c090f39d7ef5d0f83213eb097,15.0,15.0,0.0
9274db254069928040990b2825e7aece51295280,130.0,130.0,0.0
92a12fdb613c1767da982fd19926406d548c2319,47.0,47.0,0.0
92e42adb1c811e1c341de6c95a7bae8740c44286,1.0,1.0,0.0
932d62bb110d71c293e6efa53696cebaa2f81fbe,29.0,29.0,0.0
935647ee42e78512e222dfdc873582535c5446f3,356.0,356.0,0.0
93f621f951b1eeb95a85b2398c8ebcc7abf16c9b,8.0,8.0,0.0
94daf83c84a5eda10feb148c67a6e782795b8fd6,6.0,6.0,0.0
950271b8a0d860673faecb9598891eaa5566088e,129.0,129.0,0.0
954bcca625a544396df63fb60cffdd4c7eb8bdcf,721.0,721.0,0.0
956da8fe34e88866633e4f7697a640efccd94df8,76.0,76.0,0.0
956f91e750eab3affa1375efa4c6d166b8f4bfd1,383.0,383.0,0.0
95734ecaae2839106af1b11336904a2d7ce9fbe0,132.0,132.0,0.0
957873c098b27e3d58887e87fa003532a79ac7f9,106.0,106.0,0.0
957ec2a3076ccfec7fbd0b49294d9b49d1f8876a,30.0,31.0,-3.3333333333333335
95bc06bf931aef9c3869bbf1c1695bc9844e0e3f,44.0,44.0,0.0
9618e5611539eaabf9f96368a192d67fc429c825,18.0,17.0,5.555555555555555
961d8ff159911cd1275a50eccfb1ba9fa0f41254,1711.0,1711.0,0.0
961da8f7461ca13c7993e5ffd8d8d952bd5471df,101.0,101.0,0.0
9637bd56c33523516d34953bf8362124f31167a0,126.0,126.0,0.0
968cf24c35b753e9d5ab19c3d062e18d9d3f8001,117.0,117.0,0.0
96baeeabce1a98e8b660ae789c3d13e6420bc2d3,1980.0,1981.0,-0.050505050505050504
96f1782fbe50a6ddde8ee260368f446cd7a38e44,819.0,819.0,0.0
96faa57504dad44fb6cbf586c46f9d4368f88343,105.0,105.0,0.0
9761ff104870f76716e24876ec1d71d7f03bf005,58.0,58.0,0.0
9779a0b8836268c566a0d86550f0abb069275921,721.0,721.0,0.0
97a3eb50e6f6d101a251ddf54175ce6d128f12a9,81.0,81.0,0.0
97e12f081493efc7141c9204cf8bbde5aa5825f6,1716.0,1717.0,-0.05827505827505827
98054c71e92317f0e419dafeac4c973c05e7c5ad,3.0,3.0,0.0
9861ca6a4c7d60c85873057e0260293bb85db0fd,44.0,44.0,0.0
989fbf5f233eb5944df247d6338818824c4b733b,126.0,126.0,0.0
98a61d53323d364c42d57d59ca144a39ce80f61c,60.0,60.0,0.0
98aadf92fce098fb7912db910304beafa4d91fb6,458.0,458.0,0.0
98bd2db4c51c55b54441919837a5127e181a0265,8.0,8.0,0.0
98ef79cf1eef2eef75e33099d79a12ebc779f48f,2.0,2.0,0.0
9928cb2f13a4113ec02f98f52f15e98ccfdbe125,1303.0,1303.0,0.0
9947c2b5ea10c80c2cd722e408a5dc5a85e37731,212.0,213.0,-0.4716981132075472
995e7c7aec3adf6c26c30e8d287064cf59b5a24e,210.0,210.0,0.0
99ac3e3d01c231ff99484c10ffc5d3d326f7a607,85.0,87.0,-2.3529411764705883
99cf9b18831dee12fdb20544b6a71e379ef888dd,426.0,426.0,0.0
99ddf46a6f932e8a40db1a6c94e7eca412b1ce2b,2.0,2.0,0.0
9a3b1178f779d989995ebffb772dca6e65b414e5,42.0,44.0,-4.761904761904762
9a50beae176bf59dfc918b4dec0102fcd90ff14c,14.0,14.0,0.0
9a5e222688e2b19eab0506784772c6c56b998ddd,433.0,433.0,0.0
9a664542b4f9ac7259ce30de8f94e8b40f95edcf,5.0,5.0,0.0
9aae6d98c4c028cfa546ec64143ab776060e66c0,245.0,244.0,0.40816326530612246
9b1158bfda18bba3201a913f1a92c757b15ffa3b,10.0,10.0,0.0
9b1bcfad049275541952af3b6e143a5b50de006f,28.0,29.0,-3.571428571428571
9b53b74d2d791fb4c7d72fbdfd80fc2295f5ceec,21.0,21.0,0.0
9badab6bbb5fdcfc191306ebb8e597dfaa218aa2,63.0,63.0,0.0
9bd2ca56eb408c0c534f6c7db0474624ea237d6b,49.0,49.0,0.0
9c2179df1618bac9dfe66dd008e11538aafdec6f,550.0,550.0,0.0
9c4299d7b2387f9148f9d8333b6f127bc4b9da34,22.0,22.0,0.0
9c431ef2f11b47b186929b81e412a65ba80110d0,1065.0,1065.0,0.0
9c4cfd9ad230d30c8adfda83f471cd2e5de65ccd,425.0,425.0,0.0
9c5fe5336cadeac82c3510563c47b4f93555e291,129.0,129.0,0.0
9d28ec65dd4f23b3b71e5c7f97f9d6584ba2d565,721.0,721.0,0.0
9d3687bea4d92237156cc1dc4b83f211b8f14402,134.0,135.0,-0.7462686567164178
9d9b80b9ad7f6ceca0fc28049796539c043cd5ae,102.0,102.0,0.0
9def4ceb9b9780adf635b987f4498c51b339c9fd,577.0,577.0,0.0
9e19c7f56c26e320a3d6c10fa6341e4109af6b76,28.0,28.0,0.0
9e1a88824892c2f65346919351d3173c386c599d,61.0,60.0,1.639344262295082
9e24d645dfdd3c0586c6320b58978408e21d95fb,721.0,721.0,0.0
9eba91b3b5f6a5b1a3820ef6ee3dbaa26dcedc29,103.0,103.0,0.0
9ec3473a4498a4be1c9a170bdc174ca5cc5abd23,20.0,20.0,0.0
9f724d23e06d4eda0a183f6d237a0c263a5ebc05,19.0,19.0,0.0
9fe927c3dbb0679834bc2469fed35af75277db77,16.0,16.0,0.0
a0073a2587f1293f08636794911480b1f6e40e5b,304.0,304.0,0.0
a0209200e8cf143c3c787a1fe0798e9effa628d2,21.0,22.0,-4.761904761904762
a02fabe6f30ac2950d0edf52fb96a8fec4118ab2,721.0,721.0,0.0
a04d3ae2c56d6b114cc7c3430dc2a9e59c410bc2,342.0,342.0,0.0
a059ee32c7dcd52911abcf66508d31d78517ff48,721.0,721.0,0.0
a0ae81a0a763d3a003ea0e35d5fbb2466216043c,2.0,2.0,0.0
a0e5a6aa010ce3937e48a084501830263be6b18b,721.0,721.0,0.0
a0eb611f5346a274f96f146d84a073f4455d5cf4,78.0,79.0,-1.282051282051282
a10b2f62262f4a7b168737e501bf4158c6d7553e,130.0,130.0,0.0
a10f72599561df16b0195e0caf0b96c1920c5a57,10938.0,10939.0,-0.0091424392027793
a112adb55be5e931eab7a00917098c6088618395,272.0,272.0,0.0
a11490eb2a9ee9eeb98edb016c9cb9ab26b4725f,7.0,8.0,-14.285714285714285
a11d452b0d182dce70295b775e236a187afbe4dd,23.0,23.0,0.0
a136093ee77619b60c6190e4ae358f88d65e74a9,14.0,14.0,0.0
a1a787435882ac6ff9f9462e82b393b8aab82d46,10.0,10.0,0.0
a1d7fc5dbee4981f4997d103a8aaa6868a7ca250,8.0,8.0,0.0
a1e661969a2401aaf2cd8b7efd317f5a326503aa,107.0,107.0,0.0
a234db6950b9ed70188bb2233c898aa16d2f1595,459.0,459.0,0.0
a2da4b691891d5f8c87815e0cd3ec1ea0cd8ac24,336.0,336.0,0.0
a2def328d0ae59193b50685373d44b213ad670cf,111.0,111.0,0.0
a2e4015d404e5522f2dad54285bb7a1c5f146b34,721.0,721.0,0.0
a30242a323a8129091a00664ade289e4121c86d3,721.0,721.0,0.0
a307c72d3bb0efc3aa4163180613fc5017c59f18,90.0,94.0,-4.444444444444445
a30b900f7022c5a5645bae4ca98fbd224edb8fe4,306.0,307.0,-0.32679738562091504
a34b6b988fae9406ca11a8cd55352ca768976745,4530.0,4530.0,0.0
a36ae04fb90622aaae1e748db6ec1915f7e43649,251.0,252.0,-0.398406374501992
a390b853c054b0efbb1483ade6984ac864dc18a1,8.0,8.0,0.0
a3e0afe3eebefc8e4f0499075e6e10db14cfee91,21.0,21.0,0.0
a3e54795ed8038f08f32ffaf6533dc6f3bbcc006,721.0,721.0,0.0
a3f369daee836423dac7760ce8c906d52c6df5c9,5.0,5.0,0.0
a3fad85b4ac12686fe6a2e1dac859dbdb53ca966,78.0,79.0,-1.282051282051282
a45a3f73cdf688f0295f44747e5e6650d5d54f87,19.0,19.0,0.0
a474a11a5ed43b2a5643778b0806ca939d6706be,9.0,10.0,-11.11111111111111
a49d5a8b0ec15e186933bfbdc14377e7a6514cfb,1.0,6.0,-500.0
a4a6a67c6228866c2bf801b9463f9e6ca25d1f35,9184.0,9184.0,0.0
a4b640a9778fd1b22d5b299518516d5ce8354e6b,127.0,128.0,-0.7874015748031495
a4c1715210e39dc6da5b37f87afaab4a4e932abd,12.0,10.0,16.666666666666664
a4d2894b98814679f5820fb7fb95c2140c6f283a,721.0,721.0,0.0
a50da7f903d281d03a429c285e55198d80bf06c5,224.0,224.0,0.0
a5e8d9cf4d8528eb5e030e90802fc0fdd4530b59,7.0,7.0,0.0
a612365382f7fa666531a8d441752bc8bd28786b,43.0,43.0,0.0
a64ea442b5fed8c04aa3325133eb123c689a10a1,4.0,5.0,-25.0
a6b522db8c2fa2f47f37e871da27e17de88e4d95,3.0,3.0,0.0
a6bd3bdbc85ab5861f78a59044dbad81a3ab8912,9.0,10.0,-11.11111111111111
a706de15ff7aba816b7e44fdd27e8b57e18b429b,8.0,7.0,12.5
a720199c15c18ca7baedd90fd91811ec92059e6f,424.0,424.0,0.0
a734c8c4c87af4e242d1d29bb4828ead4aad2853,106.0,106.0,0.0
a76c9a021926cf95b2f1d5883fb889d0f0bf7586,62.0,64.0,-3.225806451612903
a782fc1440aaad6cb19b81b515073f1fe3fd209d,18.0,23.0,-27.77777777777778
a819fe30f027d3cc0a1f7a86d0281763f03c5f67,7.0,7.0,0.0
a8493bd0cdc244374a2c02eb9d2caee56f546511,151.0,152.0,-0.6622516556291391
a8585ecd74e0823ff2acf1e3932b00b75a57a0a6,374.0,374.0,0.0
a868b3d360de9a0f38178f7f7e486e5c2c10fd0a,23.0,23.0,0.0
a92efe04979cb7341891bf335ad929f4feae79fd,691.0,691.0,0.0
a94c6d0bf78166af7742ca934544a01751e91e45,9.0,9.0,0.0
a984c9e20d8164ccf157bb2ae32aeaafc2a407b0,25.0,27.0,-8.0
a9b6fc1bb4f85f3fcbef668a23ee8ca3fc26d135,886.0,886.0,0.0
a9de0fe00bdbdf915cfeb31a278cd5c0ba75a999,160.0,160.0,0.0
aa0cedca0f4042ac2e1d45db7dcb043bd882ee90,47.0,47.0,0.0
aa344f4a402266e64110b565cd6d42832ad3d113,3.0,3.0,0.0
aa842aab5a81322da8cee692807a2cab7cb80935,95.0,98.0,-3.1578947368421053
ab0974ded9af0012f6a8661b3e70c804156147c7,62.0,62.0,0.0
ab77db816e92908eba47737fdd26e0c7cb4dacbf,130.0,130.0,0.0
ab7918d46871ec5abef49dda8f0e3d500cd7b054,1241.0,1241.0,0.0
ab857dc4bf02640dcb2861a63517e671052d40cc,175.0,175.0,0.0
abab0a2d54dc58d2c2e3b43008967ef0de8b635e,10.0,10.0,0.0
abbb4ac1dba2d9f939d44b7666575315a23e45df,274.0,274.0,0.0
ac38f0603104ffcf990402fefbf823501b5f9b48,33.0,33.0,0.0
ac459e6bc1ec13f92d5e7c2270aee7408f1a0ea7,42.0,42.0,0.0
aca7f875ae919b1927aa9a4950fa9321330ae9f9,17.0,18.0,-5.88235294117647
ad12dbfdcf8da487b2968c5691933de29d414cbc,163.0,160.0,1.8404907975460123
ad3e90f77e804db10792e228c11bf7bc20736bcb,1215.0,1215.0,0.0
ad42edcdd71e9ba8fa652a3510e297509a5e27f1,373.0,373.0,0.0
ad438cbc3d17e0029fd4d5a79d235c94c95b7a82,48.0,48.0,0.0
ad770aa0363a05ac8f84891f61558f39715a05b8,105.0,105.0,0.0
ad91dbd4d9364cbd246822825c5d71478363e954,1401.0,1401.0,0.0
adb50325e94367985b97753e3fb89f600f911ee3,23.0,23.0,0.0
add2662458ef5940731df22e70014c57886b40fd,2.0,2.0,0.0
add6d0bea8a6fc86060806d71df7da2c7fcaa6d9,68.0,68.0,0.0
adeec11d4d0fec23efd64637118f752d75e9057d,14.0,16.0,-14.285714285714285
aea49af5019a3fb1197dc93489ecb262d57ed6b2,71.0,72.0,-1.4084507042253522
aeba7ddfe46abdf81bc5153f4493390a947761b0,721.0,721.0,0.0
aec80fa7e6e9943bff0b9cf77bf975abd1aa75ef,230.0,230.0,0.0
af0fcd34e2afafff8a02b2257cc1873dc24f5162,76.0,76.0,0.0
af26f9fb77ed9482bc02dbc4069af4635ef23207,8.0,8.0,0.0
af937631723562fe5a1bfbd10114a517b6aac882,29.0,29.0,0.0
afa0b12f54f20da9e32899a62e3f268339ed1383,34.0,36.0,-5.88235294117647
afecce44ac5c8cb5e43c91664ef25daafed4bc86,8.0,8.0,0.0
aff58f8127b53c6d848e68a97a8071a3337ab9b0,1711.0,1711.0,0.0
affe0a1aa52d7d73d66bcdfb6ff3801b8aa980f9,4.0,8.0,-100.0
b01da67fbd5f8b02070338e1620cdf60cecb9654,721.0,721.0,0.0
b02eb4c5b725bd8491c6d7074230a042dbd36f5f,721.0,721.0,0.0
b0417bacb6f5ca7438363c55181982bbb9a50e04,343.0,343.0,0.0
b05185748527025d2af845570cf54bb19457eef0,16.0,16.0,0.0
b0b5d8ed8568cc06b1e75b38afdfee0f3582043e,1065.0,1065.0,0.0
b11081a439c0c9aec30c140d595c3fac8191f1b1,2.0,2.0,0.0
b11901c4eef75ba0a4f538edb9f31629c99b678b,52.0,52.0,0.0
b155ebddca8d712260171ebd256c667e813422e8,539.0,539.0,0.0
b168eb54262a01fa584be528bdca95571d9c9b83,130.0,130.0,0.0
b1bb21ca2877e09af021e331d15bd7b4e7e9a41e,21.0,21.0,0.0
b1f54dfb9851b5687965eb740c33507ff57f7d46,373.0,375.0,-0.5361930294906166
b221f2766dc193fb75e0d175aec9a82fec25bc3a,1.0,1.0,0.0
b24ec0148d9640fc39482612001679ceef05c2f8,23.0,23.0,0.0
b25f173b3efcd6cf7c7834167ef430a1029ce77a,863.0,864.0,-0.11587485515643105
b28ed7d80c1bf6179fc3347b7f074d053fc837e8,1065.0,1065.0,0.0
b2a1eb22f2952503be8cedab9164e7390236b15e,22.0,22.0,0.0
b2d5b8a548ee5ee624226829e4318dc82fdc86a2,109.0,109.0,0.0
b314a663e82b3523ae79c14502879664b41a395b,53.0,51.0,3.7735849056603774
b3276072251547919bb95476ff5e40c1c090391a,32.0,32.0,0.0
b369302de177824c78b3bfe800ea7e03fdc736b0,72.0,72.0,0.0
b38d5d0503ed67e8cce486d585c0436d43aaef65,87.0,85.0,2.2988505747126435
b3993b426a050d6866403668dbe21c7e745df48e,3325.0,3325.0,0.0
b3ae5a769abad76480d9727c41f51840ecab0a2d,18.0,18.0,0.0
b3d0408482454c7433d51eb49e23e434f05faadd,490.0,490.0,0.0
b40940b202b13cf7a8c9fada80ca393a5c9138b0,2447.0,2447.0,0.0
b420c74c3b852bd22d940e640f56340040c369b7,7376.0,7376.0,0.0
b42922abcf96233849669f02055cee353fddd217,108.0,108.0,0.0
b4598e10bb862441bafe5edd29b6fa3de7f95763,1061.0,1061.0,0.0
b461de71a0b388760186b8cd479634869f53f086,23.0,23.0,0.0
b4620854bd2d89edf3fe1c45501c784fca16a797,4.0,6.0,-50.0
b4874c635d55a05bb623232c2098366ae9ead719,482.0,481.0,0.2074688796680498
b493ed40c04282d369e269834a31bfaf16baf6ef,10.0,10.0,0.0
b4c0337e95ca99534a954591c177278a77b44f50,84.0,84.0,0.0
b4c39625798952259fe3ba55d382d65973b42d86,17.0,17.0,0.0
b5196bb1806784bd627fdfaf791c5e428b6f8ea6,61.0,61.0,0.0
b562b396f98db1de1141d05b5238202c72a1a649,10.0,10.0,0.0
b56bf269ee0af5fbc7b5a683729f0243d6883dd2,1303.0,1303.0,0.0
b59e5660bf36bf456d58d75b3a38463185a39b4a,290.0,292.0,-0.6896551724137931
b5d19b6ee1d6c041d6205b5450e6e76a92346e0d,125.0,125.0,0.0
b5d78f1013256af91df0e429b197100cef901b06,40.0,40.0,0.0
b632783f4667c0c388f445ce45dc3d5fbd1fe0b3,7.0,8.0,-14.285714285714285
b6577fed9477c56859826c88fe8cfbcdf820a933,721.0,721.0,0.0
b6be2e7b45707de90d5400a4fb09915a67be9db8,12.0,12.0,0.0
b6e303a1b0730896ff459e9b7fb85f30a1297bd3,322.0,322.0,0.0
b6ff1c597e7fe020feeb23e21dc9decb27b50b54,721.0,721.0,0.0
b705fc854ce574278ac257719d68ce3e9c76b90f,3.0,4.0,-33.33333333333333
b70b11d1d5592282c122b28415e20c9c2f7b24c7,99.0,100.0,-1.0101010101010102
b75ae65c8f8715ec46b7dc08ec08c709cd23620b,47.0,47.0,0.0
b77826e922b1c02dc5f467dfa1ef56a5a5f7fccb,7.0,7.0,0.0
b797ce1c1ffe5933021ce48453ed84f5ad1fded9,721.0,721.0,0.0
b7afe52fe6c7a8ecdc60ca2e4c451314fe39d3e6,1704.0,1704.0,0.0
b7beda02c7fbaaa3ac52ebded30d390106252671,721.0,721.0,0.0
b7d4d60db0d536ce4054b61fef4c52a586a3c336,143.0,147.0,-2.797202797202797
b7e06e2443f7586117749b59447efdaf13950c47,7.0,7.0,0.0
b80678ec1a21ce59da4b987172c3bf112434729a,457.0,457.0,0.0
b816581bc3d2119383d63c05d8be1c4ad6ccd112,44.0,45.0,-2.272727272727273
b848aa7919403c24d578f96d08c6369e7574b5b5,10.0,10.0,0.0
b8f7bab05d1280c6ec8c83d6f1be00337e854ba9,450.0,450.0,0.0
b910968a563ce30a63dd9a78d3024c12408dd9a1,4789.0,4789.0,0.0
b9582f97f604d0db01229bded71646e1b9783d3e,50.0,50.0,0.0
b96fda89b0898113288ef87194edabddb2cf37ea,29.0,28.0,3.4482758620689653
b992c9f6d28d64c2b6c7d8269249518f74f9075e,8.0,8.0,0.0
b9a7477bb94fff477a7fe44f9c6d0c2f4f22dc46,64.0,66.0,-3.125
b9abab6201add59c8e3cd93c7a4a40b9dd0e81b8,721.0,721.0,0.0
ba16e1eb2c5ec5e3766f2fb7f96dd8de54422adf,404.0,405.0,-0.24752475247524752
ba224c0d56841e5749a77d8ee0cbe4458cfbccb5,864.0,864.0,0.0
ba6121bb4f85b6bbe3c0864cfa4145b586f65db6,129.0,129.0,0.0
baaf40eceaa586b0fb77383b2f355fd028d19273,217.0,217.0,0.0
bad73fa03ff00f3c5631fe41781972534c8a12f8,569.0,580.0,-1.9332161687170473
bb1f516af76311073b8ef84edf5e75c714233eee,1.0,1.0,0.0
bb373d2632274010bd85c61699246ff12987211a,490.0,490.0,0.0
bb415b6590b31d24ac3b912c16c4b672b13b31af,721.0,721.0,0.0
bb4627f05f903d72ce8af1520b5351016c053217,374.0,371.0,0.8021390374331552
bb63445f5317c2f7fc8d2a8aa6c62ebf2014c7b5,21.0,21.0,0.0
bb679385b707ad0bb98e844bd980aa6441f0bdf7,29.0,44.0,-51.724137931034484
bb909fe731f9dfb93c1073cd0a999183042cd8e3,5446.0,5446.0,0.0
bbf3c5e46156cf71505e17e3d3b66d783db95b80,122.0,122.0,0.0
bbf6c3faa3dfc690669dcc34595e2dfcbacf0747,16.0,17.0,-6.25
bc30a6667a598518506f09856e6739dfedb1263b,82.0,80.0,2.4390243902439024
bc59abf1dbd7b1c107f4afd14b79dba5e29b5a4d,218.0,230.0,-5.5045871559633035
bc8c675aeafa5598ebecc7f82105dbc39fddefba,5.0,5.0,0.0
bca1ed238d35394c62886311361270421ee3e7c4,433.0,433.0,0.0
bca3ee01084a9adbb135bd2e891fa751e114ccdd,16.0,16.0,0.0
bcf6a79820e8b8ab0428fba17390b091e383153d,62.0,62.0,0.0
bd0b3428caa28b9d1f4c8e60ab503743f021bfb8,1241.0,1241.0,0.0
bd12c7aa5d4cd0fbdcd3ead2f25f69be246b5216,1473.0,1470.0,0.20366598778004072
bd37645d012253e6f4d0d2d59eaeb21ae414130b,33.0,33.0,0.0
bd39d80b45a46e8e961b3553733d9b4309d042a4,832.0,833.0,-0.1201923076923077
bd3e73f87c78cccfdcec2a1749259f92139ab588,59.0,58.0,1.694915254237288
bd4a180b4565a9c19cd9c75955ed6328565c2c5f,23.0,23.0,0.0
bd562a738618cdd5fb1323dd9f9d34082b37e414,1303.0,1303.0,0.0
bd675758ba1a079a4756eca471cc77b12d7e068b,99.0,99.0,0.0
bd7e53e63eb3cf3c0a91c396c9ea0ef981d22dd6,1301.0,1301.0,0.0
bdd93b25b856ed5c2551b453ef29b870e745885a,56.0,56.0,0.0
bdecbb404c84f9c580cd660012b8ca73c1a8515f,212.0,212.0,0.0
bded01df4a6a26f4d6ff1de3046d176d89bd747b,94.0,96.0,-2.127659574468085
be1f8c6e7d1726b98ed5bbead389d45dbdabc196,31.0,31.0,0.0
be2200813dee9fb6613a827960add29fe254a614,721.0,721.0,0.0
be34a9e493370c72b6c7fa0348d9897fcce1076f,1698.0,1698.0,0.0
be3b4ea56bd9ea47425e3bc23eb97f0106be4df0,65.0,64.0,1.5384615384615385
be538735ba06e4107df94e1be80fa0d2ca0ebef4,131.0,131.0,0.0
be758f320b4d4bb612e09b6e416f41f84ffe6141,220.0,220.0,0.0
bf5cbe6abbb27e740a76e98d004ee9686926a153,1303.0,1304.0,-0.07674597083653108
bf76ceedb344187c7847063c6ea217d82a06bd37,12.0,12.0,0.0
bf7e96ed0541baa759bb3d3106539010b4829fc5,43.0,44.0,-2.3255813953488373
bf8e6e5e01b10ce686464c4699dc8bd5282266cf,1254.0,1253.0,0.07974481658692185
c020a1578ca07cf318cb003dcdc3abc2d0ea20fb,130.0,130.0,0.0
c06ce6cf4779a44fdfc454f28a76f7a72745bdce,721.0,721.0,0.0
c08f57736584d62ff27cf6ccd85124c0f9d61cf3,1101.0,1101.0,0.0
c0db920c127ee72cbdd51226d512d80424e39826,17.0,17.0,0.0
c1515f5549eb0534ac44c9cd217c632cb2e346ee,517.0,517.0,0.0
c1a8e7c13480916a86dd0377db9f6000d964d91b,131.0,131.0,0.0
c1b2629850634020299e8fcbf29c9f72dfa572f3,336.0,336.0,0.0
c2c101948420aabcfa75c6766370a6a8cad634bf,6.0,6.0,0.0
c2dc3a7f4c8ba586f762f208c40ec215a054ae59,33.0,33.0,0.0
c2de9dff242320643ce63a3a0b858a7c0c114f31,20.0,22.0,-10.0
c2e86c5f4696d69b53c628c43af5d4d795a0e2f4,8.0,8.0,0.0
c2e90bcd87c57a7d6730012b58161b94cc9563eb,23.0,23.0,0.0
c34210fb10ac7bc2ae7bec58bb747bfd552db514,298.0,298.0,0.0
c3672fe9d7cb8542ab49be8a171d3b7297337940,3.0,3.0,0.0
c37a41b7178874e956bbf31ca9a29740e692043c,27.0,27.0,0.0
c3d47432c70e7bc16964205db920e8e323f3fbff,721.0,721.0,0.0
c3e74301cdec332f9e9433f5355be9ee6fb53920,380.0,381.0,-0.2631578947368421
c3f9fa1445668247195b1133a83ba2954a70c49b,4.0,4.0,0.0
c3fd1b674af013f68e74069fba86bd6381dc56c3,209.0,209.0,0.0
c415e5fb7a0f96fbe37247b28fd86fa4b1539c59,368.0,368.0,0.0
c43af4b674069d47e0f1b92716cb4cd4197d238d,35.0,35.0,0.0
c44bb611f5a5c4b9579d8255aafaaba7a9e8576f,131.0,131.0,0.0
c469d157a991d091346c206bfd7676b5da4b398c,136.0,135.0,0.7352941176470588
c46a9caafab098d868fb8219d94344b0ffbdf7e5,23.0,23.0,0.0
c4ce42aee28d2063fab0c9a0e7ec8a67c1243bc0,6.0,6.0,0.0
c4cf8c41642dafa9237af47d06667db47dc6be51,12.0,12.0,0.0
c4dc7e34791fc67e6f13e0933b31781c0d0463a4,44.0,45.0,-2.272727272727273
c4f6bd722479a361a93ee19ee27d666277be5891,721.0,721.0,0.0
c54bd25e0ac33ecd7784d7d7858e2fee79a25f11,25.0,25.0,0.0
c5d0e119577d2563d8525c6fbae11f84de66b665,3.0,2.0,33.33333333333333
c5e8eb3e114caaa8b56c14ef9b69ba45cc6eaf07,41.0,41.0,0.0
c63734bbc3302a7e8dae19a8ae7c06d6b639c24b,1009.0,1009.0,0.0
c651372c2390bd5dbb4ee12fe88ee4ef2aa25a4b,1711.0,1713.0,-0.11689070718877849
c68e399812eb655402acde8d064a4d134c7dfb86,721.0,721.0,0.0
c6d9277ce37c2f2ee9e00a75a955be3034ab2be8,591.0,591.0,0.0
c70c24c0c74ed62f4f71e40b042343ad43bf6edf,8.0,8.0,0.0
c7196857509ae014902b9a38025e56a87f20b8c1,161.0,161.0,0.0
c75b67603c914f21d5b0455237f4372227cfe5ec,773.0,774.0,-0.129366106080207
c7ff9d85283f732a17ace46a60fcddd6bf189e3b,76.0,78.0,-2.631578947368421
c82dfa5878ba50a5baef549ecfac9a1b8bbe7bae,63.0,63.0,0.0
c854a3ee3b07e14d2ad5bf8e399aaaab22e56b39,864.0,864.0,0.0
c8caaac0c9df512ce45e546ae250df4d13ba2a65,213.0,213.0,0.0
c8d60991c7157e41d243677e2d9a1436cda6a1da,32.0,32.0,0.0
c8deca112b0ff21fbbc6db13e590b8a08e2372fc,130.0,130.0,0.0
c8e0cdf9ae692354a73d47df528506150fc8f6e8,2.0,2.0,0.0
c8e7c26ed9d157c783c8cbcd22bca767d9b2357f,13.0,21.0,-61.53846153846154
c9110e9d997122b91f327f1a1ce1b774c30b90d4,67.0,67.0,0.0
c96029196a0626f93ce4123c39b5df6719b224ae,721.0,721.0,0.0
c97a1cc7ddd92517e3abf3404b17915b723940d7,1.0,1.0,0.0
c97defc6999b9eab0f17ed443771a4216700cdcb,217.0,217.0,0.0
c97fb8c76943cbcfef23914b80bc22fb1dfd9689,721.0,721.0,0.0
c984f2546b3a53ef85c010c5552666be12900d0e,1022.0,1022.0,0.0
c99eafcb536a28d1a02d0dfdec5f77914fac2b91,12.0,12.0,0.0
c99f88f5ba4903636d29ec8cc9a97b8bc2d32351,131.0,131.0,0.0
c9c62d848d21e616b1422982f102a6d51db7229e,3.0,3.0,0.0
c9c8eb5a1ae226ace77530d1878f227e8426662d,490.0,492.0,-0.40816326530612246
ca0242eca2ea543d7bb89e553b4cf6f0499fecf2,3.0,3.0,0.0
ca46da57d8467891b7bda3478587825a903f66a4,25.0,25.0,0.0
ca70494042ac62c3e7aab3155500a84c6cf2c560,1762.0,1762.0,0.0
cad49b7030712ad5ae0561576b918dc0ce29ad11,209.0,209.0,0.0
caf1c55ee47195e01c4be896b6f08e264c7a18b6,459.0,459.0,0.0
cb04dc653911ad308adb2f863d6a4244b99c0569,2.0,2.0,0.0
cb16d2ccd84ae380922b58791b5495b7f55b5d69,211.0,211.0,0.0
cb6aa048ea06528ec3d614c8fd8edf5784889a27,8.0,8.0,0.0
cb71c28a237282ec1c6310764124c2f354db9227,8.0,8.0,0.0
cc85d4b0a81e78ea9dda9467af656b0f6abb7ece,62.0,62.0,0.0
cc8bdfd035183242e8ac6aafc1765068068ae434,15.0,15.0,0.0
cc9b2308b9e0282839f557b243dcaed0fd1aadc3,628.0,628.0,0.0
ccc30750b1b923d2c91da00336c6d241bc1c2c61,6.0,6.0,0.0
cd0d5ec567bbbe99fb501966bd41e913b79feb09,9.0,10.0,-11.11111111111111
cd16337a30fcc3cebda9d4ef298453bd7e43eb20,721.0,721.0,0.0
cd23ee8c1add1c0d1df6079aced18703c54a234a,13.0,13.0,0.0
cd3401789c9ad71a0c147390c8015e7e735b02c7,1021.0,1021.0,0.0
cd5f52d32fc412670010bc7cd682384d2b5fc6c5,721.0,721.0,0.0
cd8a4c3e0d3aa1655ad453d1a239891791540a5c,8.0,8.0,0.0
cd8ad0b3255bf2abf70fa9a3c1a4d3e0bb5796bf,10.0,10.0,0.0
cdc5c680d032aa570bddf5f9748628f4cbcbb841,721.0,721.0,0.0
ce6a52584199571dfcd9efc8d22b055c29a36f47,32.0,32.0,0.0
ceae1bea0a1180ad8ef90de0d9c0c40052e6e444,8.0,9.0,-12.5
cf178f3bc9afd33a1c8d6626e364812a3e912d90,146.0,146.0,0.0
cf2515e4df4974dce447d6379dc18dab26713a1b,3.0,3.0,0.0
cf6a0be0ad089c837af5bada6bb2b0f5dc420416,7.0,7.0,0.0
cf8765ed3cc978a1367132441cc61eb0bc10acdb,2446.0,2447.0,-0.04088307440719542
cfb9f6ba813fb80912f7bf47bb195abeb86bdd58,24.0,25.0,-4.166666666666666
d060225866b917c86f7afbbdcfd9f39ac7777067,2997.0,2997.0,0.0
d06752ee575bbb4bb0e99d7831adced245362abd,29.0,29.0,0.0
d06aa81d6bfc02f99797f9c5084204924fab6062,4.0,4.0,0.0
d090f78cd6295acf38ce90d297ca430b0aa6264a,459.0,451.0,1.7429193899782136
d0d2b5a9f8eed96a4d169807f3deb181ef63ed08,721.0,721.0,0.0
d0dc39a8a689d75658af6ee0d437239821adb435,7.0,9.0,-28.57142857142857
d0edb9c62adfe12dd153c2cca905ac5134a57f3f,60.0,61.0,-1.6666666666666667
d0f6ca047760f5d41832d216a69e2944b5e70f05,58.0,58.0,0.0
d11476106be134302739c229aa1643e31d500b84,41.0,41.0,0.0
d14c9dd9d0bc29da5eec3dc99a4117922e75d41b,4.0,4.0,0.0
d15067b47a001abce77a69efdb8ce7dcf83e1763,721.0,721.0,0.0
d16a0f02b917aaf2be9afad16d3f763b22ff38e8,1714.0,1714.0,0.0
d1a4f6ab300a6cfa7e283d1e20efb143253f43c8,130.0,130.0,0.0
d1fbe4772569c332bad1e057e24204eb5e3e8a9e,3.0,3.0,0.0
d247d5b597034aa6d9fa5d2b67e48afc58052ca3,62.0,64.0,-3.225806451612903
d26e26bf758de4266310f75111b5657eaab4aead,721.0,721.0,0.0
d27ceb2d6ff1d667b09656cb9708f040f8d00107,30.0,30.0,0.0
d2c5de030c93727a12bba802019f091673417a0f,23.0,23.0,0.0
d2c87b0852599332289a2cb9e9905c858d8296cb,11.0,11.0,0.0
d2de7ac5b9dbd8679694dbc95b0ebddf667dc834,56.0,56.0,0.0
d30b4f554345952b0195b01547e7bf5b67bb38f3,33.0,33.0,0.0
d313f50ab3f02c23ba91e41973bb882f0c9355f3,65.0,65.0,0.0
d32b38ccb148cc9a2299637fc966f252cbac799e,25.0,25.0,0.0
d3737af0b1d2ee797dab98e28c854a658617c09b,216.0,216.0,0.0
d3770f507173e96c650604bf7de318a65084901e,15.0,15.0,0.0
d3984dd4f2bb81020d3a986eaa545052518ff4f4,4.0,4.0,0.0
d3bbe3aabd927edb090287a41fbb05109c7b99ab,32.0,32.0,0.0
d3eb191143298934d978848cc241ff01235219d8,721.0,721.0,0.0
d3ed7626c4f98ba9b3929d47b6c150cb9e1a7878,8.0,8.0,0.0
d3f412dc53d36a429872e93e33ea9d9ca8d0faca,52.0,56.0,-7.6923076923076925
d427a8f62f5af2035a1cee0499935c4208bc6340,112.0,112.0,0.0
d4a84d84d1ba4a63aee054a47d5142c3f0f369dd,94.0,94.0,0.0
d4b0eabe6978860b1f258bb1143dbcbbc17f74bd,336.0,336.0,0.0
d4d39f6af9174accaa2dc6a033b8082dad484413,36.0,36.0,0.0
d519d85ba8fc414c3be498583c5339fa6817bf58,1692.0,1692.0,0.0
d51f326a52ec0025bcd5398c675f5bd6fe2d6fab,1215.0,1215.0,0.0
d5764626278694fd6cde88772eb3756b648d44b6,47.0,48.0,-2.127659574468085
d5f93110279672d74f2970c1590b0a81378ed4b0,459.0,459.0,0.0
d62457e3e6bef338b49a2bf8bf07a10230a28a4e,128.0,128.0,0.0
d661de5390daad713329821f22265758acc256bb,219.0,219.0,0.0
d6a8a4eb8426b45edd4bfa568df5523fb12de7b0,15.0,16.0,-6.666666666666667
d745e61acc954c74031b96de9967c1ff494dc8e9,377.0,376.0,0.2652519893899204
d749a9a10df497e3cf5a625b6bdd39186e88b7a8,28.0,28.0,0.0
d7505a9d05f4c03a160a2469358c191afd8e0596,721.0,721.0,0.0
d75c9f1a7d9b4cb5e38b4cf70130b14a371721fd,74.0,74.0,0.0
d7a10be267ccdf33132405dd7cc0f6738716cec5,34.0,34.0,0.0
d7a82a1c8e49352dc183cb578f3174f64f361692,43.0,43.0,0.0
d7f8d64af62980e802add864f11515282e4eb266,23.0,23.0,0.0
d81ca77e41b8252980174bc386da4ffd2b8e1b5c,12.0,12.0,0.0
d826e5c44cb291a3ffa77583375328fdeaf4ae94,600.0,600.0,0.0
d8730921a2edff9452b680f8219c9f521f7f5690,4.0,4.0,0.0
d88792d0d46ed608b7cf2ccce87ac6416018a708,538.0,538.0,0.0
d895d850871857b748ac0d0daff460e863455bb3,81.0,81.0,0.0
d8e2c070b7f1f9c41bf5bddec9500d4b3549cb66,7.0,9.0,-28.57142857142857
d8e62dd60e6d6247d735a3956890bca697691268,23.0,23.0,0.0
d921cf52c70d6f3403f1555855aa001267fe2b72,301.0,372.0,-23.588039867109632
d92c3c8ad9cdcf3b4fc827bfa2ad468132753747,242.0,242.0,0.0
d9384e995050f56e997b55a40e694d560a50c771,721.0,721.0,0.0
d963602b28ba8e30baccf02ad14c20650b82a4e8,9.0,8.0,11.11111111111111
d97d29427e599ab93c976144bc3c82c31b35b004,5322.0,5322.0,0.0
d9914f0aac64b85db57e507862cb7be48276cede,8.0,8.0,0.0
da352a470d06209f9cf4b08966532673e3a76b24,1215.0,1215.0,0.0
da73052a6157961910ad1bcd111ff0fb4f63d341,456.0,456.0,0.0
da9e7b18ccb19d460f63bf37212841e69c1e2746,721.0,721.0,0.0
daa27a7782119b8a3d9e9a6daed01cb81cd1d490,58.0,63.0,-8.620689655172415
daa77f00fbd58de1e4860a3213218a47c98bc187,5.0,5.0,0.0
dac4ea429fd6f17926f3e1b98512915c148cd526,4.0,4.0,0.0
dad6ae3a5a74b76c99bfdc039b1381f307563089,52.0,52.0,0.0
dae73d50f5fbe11b480cf64dca13bbb934155338,132.0,132.0,0.0
daec73d92388f628a22e3faafbab4bfe48571f8f,74.0,75.0,-1.3513513513513513
db17dd38c21d03bf4a2c93690ca5b2988bffbcea,35.0,35.0,0.0
db44076fb66a889753361b155eb61d9d55620998,407.0,407.0,0.0
db8c6c323c5403bde342dcbe7dc9df0781eeb5b9,66.0,67.0,-1.5151515151515151
db915ef7a68fb476851cd38b9a4b510a5e3a89c0,40.0,40.0,0.0
dbe70024146d6345059ae8c3581147dc6bf65d3a,10.0,12.0,-20.0
dc2a3308b3972a8a72650077231be24ae326d0bd,721.0,721.0,0.0
dc6f16e22f62bed5d127e612c492e63483b9d22d,5.0,8.0,-60.0
dccf8f9d0cb4ba29abd1952fdb104dc965d40eaf,157.0,162.0,-3.1847133757961785
dcdc9b0e01073e55684294df8b5cc5ca98ae165c,44.0,44.0,0.0
dce5c95e00296146b1b13502e7e195321f19d415,28.0,28.0,0.0
dce6e3905f10cacede48d5df6704af12cd1996e4,50.0,48.0,4.0
ddd4c8c61cb573197351f70a75ac7bf4aa1cdcae,32.0,32.0,0.0
ddf1dbe6b54cc9491d14e029f9ad687636c6e6ff,736.0,736.0,0.0
de634120dfd39dd009d7665655ac479aabe3b283,721.0,721.0,0.0
deb1f66cc97fd2472a86cca682d7f205f0e0d872,28.0,28.0,0.0
deb2f1ce0b90ecf8e9267cf0ab35900fa5e9b394,5446.0,5446.0,0.0
dec70158395b03cc55747374f0d4a8b0555217d8,4.0,4.0,0.0
df1d5d90a7d1b9abc5d675b9d56389ced0e3f87f,27.0,27.0,0.0
df27b2058b1ac76a99881e30fa243945093eac12,17.0,17.0,0.0
df3b02ee72c6b5c50ccc7770a753836bf75a986e,1737.0,1738.0,-0.05757052389176742
df3e2378c3ac53eab7f06ad9e467d3070244949e,92.0,92.0,0.0
df5255bce01ccf884d713179d07f257aee878eb7,105.0,105.0,0.0
dfa898df4a8539185b99d1995b71d9f1381143db,58.0,58.0,0.0
dfb8ba494e587faaa0a428c07b29c27bd318b34a,7.0,8.0,-14.285714285714285
dfd7b8c7b4dd0b8fe433660c6620bc8a39b78d55,58.0,58.0,0.0
e04e8422b26c5c3a06bad633a06c199718967388,375.0,381.0,-1.6
e0576eaa6ae13fbd02766c06cd35581f4d66f374,1130.0,1130.0,0.0
e05cfaba365d7e9040b0b36ac0c86b0b3c533dbd,17.0,17.0,0.0
e071e743b1028f22df53e16b542133a080e0df8e,721.0,721.0,0.0
e0d96dfaebabf297ac19a0b18f2aa5d56e404cf2,30.0,31.0,-3.3333333333333335
e114ecbccb2b87181f1a525db30cc4c940d2d71e,6.0,6.0,0.0
e15df43d7c2bb18b36b21cf8834ba9fa6205c788,9.0,9.0,0.0
e16676f5fc82f48070bb13a84530f68195ed811f,73.0,73.0,0.0
e1c22a53294098585e5ab505499cabdb2c61f854,65.0,66.0,-1.5384615384615385
e23fc8307c2ed9f3d3ce40a83c18cb8770de1537,102.0,102.0,0.0
e246e5eed25a8aeeca1449c3ae90ad60c43fbe8d,102.0,103.0,-0.9803921568627451
e27bf2887888c330ab2f99368f6b3c18e71ba44c,13.0,13.0,0.0
e28d4430c18c18c59ac32ec63f5b2d72f6788397,2.0,2.0,0.0
e2c739caf625f71abc7ba36e6cbe1b3aef068d1d,18.0,18.0,0.0
e3082382ece56fdf5244de5151cc5a1d786d6ba1,360.0,354.0,1.6666666666666667
e341e277dca9b1cc859bbc28f0fe301731814292,58.0,58.0,0.0
e4001278e44bf4ba87c0c0b53cc65f1e35f528ee,42.0,42.0,0.0
e4390e7a48e375a1c9d829d6a89fe6a734a4892b,1719.0,1719.0,0.0
e45de01467c5b83e2f70c4b83ad85d3b3a4aa1fc,135.0,146.0,-8.148148148148149
e4738888dd3aecd927b9f863d9bd43325253fdd3,331.0,331.0,0.0
e4d71e1ceb92a9dc7c14285e8dc91758d140e004,721.0,721.0,0.0
e4f291b9a8399a61204f6bc7a7cf77ee1431ab5f,61.0,61.0,0.0
e4f4efc51146912b5e47324efcc0f37d0904aa9e,19.0,18.0,5.263157894736842
e50ff6f64f0914e37c98a29983047b6291247401,24.0,25.0,-4.166666666666666
e51a3772fe42f9f856246a23c47a86fd2755a667,54.0,54.0,0.0
e52638218e635627c191f1822a06bcc7b1776d39,51.0,51.0,0.0
e5541571820098923f7ec4eab2095d39bf788714,55.0,55.0,0.0
e5841a82aca9d444cb4c2e26387c255757ff353d,459.0,459.0,0.0
e5b8c1fb069b89df59c5f0625ae2ad9932f4e95f,864.0,864.0,0.0
e5be3f52b47002b727164c47f8326c87e88d4529,4.0,4.0,0.0
e5f4fe609d7d47bc8d3ee4d6dc6afafe42f255d5,339.0,340.0,-0.2949852507374631
e6285c00ed549b758e0742a71608fb60f047141b,107.0,107.0,0.0
e63852c91c1534eec450f0ec1ec42d4afb0330f8,47.0,48.0,-2.127659574468085
e6627a5f4a07dc43f808f7542096ca9267eea3d5,721.0,721.0,0.0
e720fca06ff0b39f08c96130e9ada3f80b21c47d,13.0,13.0,0.0
e72e96fa22aadaf759247c198db26a0b05d85f0c,3.0,3.0,0.0
e7758a45d7370c9aea2c4c0712ca7afbf03e6a4c,758.0,758.0,0.0
e79f0defb2fbaf0f0e7357505bfa124a85e56d59,305.0,305.0,0.0
e7a3e99e4a3f92397d3e21be788b10d9092fac4d,35.0,35.0,0.0
e7e106a7a0f13a7fbe6222cc0512d4dfcb2f3304,111.0,111.0,0.0
e8b0cf256437a355f0076f57f14fa0fe745ca894,332.0,332.0,0.0
e8b8331e4dd21df789bfa292c09bbf7d0001aa5b,28.0,28.0,0.0
e8df797fabc6b1e36c31be2c9ca7ebebe889072d,1695.0,1695.0,0.0
e8ebdb7aa8913c498e95d5759026877eea394022,139.0,139.0,0.0
e9023d86347cd1090156cd387181265ea54d1da4,218.0,219.0,-0.45871559633027525
e98efb863f8998b82b330eaf95cbe103fcb06ee0,769.0,768.0,0.13003901170351106
e9bbbd3c41e4435f665ad5d5887cc515f278d999,45.0,44.0,2.2222222222222223
e9bda486b6ec4c0bdd3fd452bb912f98427c2837,13.0,13.0,0.0
e9c3ede9405c52daa7fa04d930c7484f2c004d62,27.0,27.0,0.0
ea10d32eb7c5479a4b29a16e0c6b6d57c4ae1855,721.0,721.0,0.0
ea30653718eeb112c207dd6c86b5ee709a08435e,472.0,466.0,1.2711864406779663
ea4ee22b8b1046db8fae7378eb47f58e8921aa9b,82.0,82.0,0.0
ea88f4ea921f1371137a95a3190e5bba958964e9,31.0,32.0,-3.225806451612903
ea9a2f9aaf9396d8c6bae911c4ba7939606b6f6f,1.0,2.0,-100.0
eafe50e00e44086cb7de40aaac7948b499546746,9.0,9.0,0.0
eb7591ed8759507f774ee674f6ab4111ae323c45,210.0,210.0,0.0
eb8e9b239741aeab29694d7911316bd1a6c3ad06,250.0,250.0,0.0
ebff98ed043962e432d12b96501ae880d2548d1d,4.0,4.0,0.0
ec7fcefb8276b884f101d306f58ebdbc22c3e765,17.0,19.0,-11.76470588235294
ec8b302628e3e6628b4c715eb6bc9279a729a423,410.0,410.0,0.0
ecd02d9c1a8cea924000fe3289d2ace283efb016,1097.0,1097.0,0.0
ecf20122021d713899ebc934adc32a9b97dc97f5,94.0,97.0,-3.1914893617021276
ed230b78be3a5c93e7e0b7b8dcc20fd8f2734d53,63.0,64.0,-1.5873015873015872
ed43f50cbbfa66b5d11f98598844dc5d370a345f,773.0,773.0,0.0
ed6346bd72f56fd1aa46957e46add735e195695c,305.0,306.0,-0.32786885245901637
ed7e53fc4b916181437dfccd7db3c0bb0ab03967,54.0,54.0,0.0
edf51760596211002fe88959dae11a362e1daa26,6.0,6.0,0.0
ee08b179ef8e150f0274eb7708cd1e20afde1648,64.0,64.0,0.0
ee637e9eef82c83e4fc89a544d6c91a8345ba94d,62.0,62.0,0.0
ee7789fa14344232c3fd413803c19872b12404d6,121.0,121.0,0.0
ee987f55d40827b96ece1df381590facfbebc775,14.0,15.0,-7.142857142857142
ef10146248187c91a49a9e7fa6bb48a163c8bea4,359.0,359.0,0.0
ef426d988775a60e8710b9277919a9c88c1fc588,51.0,50.0,1.9607843137254901
ef56d2c128fe4cfacec32e03019695aaf5ce6007,22.0,22.0,0.0
f00e5502823baa56720c23b25257ca0cbc534562,559.0,559.0,0.0
f039e81e83a68f02e86959cccfa27eb331127826,46.0,46.0,0.0
f05da802df14d41cf282cc7bd47293b54654401f,339.0,339.0,0.0
f08969bf80b4c5791c72191f409c90fabe214c3c,118.0,120.0,-1.694915254237288
f0933d9cbff888b7020a77d18eefac01dddd09a9,14.0,15.0,-7.142857142857142
f0bbef8ba2899da7e4e6d9f2d4731b256d3a318d,457.0,457.0,0.0
f0ce042ec3c9df3ab0a3d74bbd44ea7e9ccde9d4,83.0,83.0,0.0
f0d39fdc7ba1ca8930099742273c6d3872ab77e1,20.0,20.0,0.0
f0f5e507f140b18b33d1834f8459fff468f62d8e,72.0,72.0,0.0
f148c10b3d4b072bc0a6a656823d7864883a968b,111.0,111.0,0.0
f17aa4869a249701570774ac6f050cea5b25e244,39.0,39.0,0.0
f1cbf8b56ceb1377dbe66400431bbf41f193bbdc,33.0,33.0,0.0
f1eb9d3b9fc92522eb959dcc7221e55d6f85e16f,832.0,832.0,0.0
f206e5b60b9cc466fd204bfbda28556be1a463ab,308.0,308.0,0.0
f21dd48f853fe84e8b77f7aa5dd233cba77ed150,721.0,721.0,0.0
f2414c26413569c10bdf24b213dc283a3964df5e,2.0,2.0,0.0
f2e9c38d1070acde77227da65a258be78b630499,59.0,59.0,0.0
f30050e61f2c98a89659acad797de15cb90328f8,79.0,79.0,0.0
f305e94c749047d6a22bd61362f9bda504a1ef01,1724.0,1724.0,0.0
f31f4bf25a6379fe96fa3ce1b708dfcd0fe4273c,1215.0,1215.0,0.0
f3255784d2aa42c04a875a1c520e7ca919e65dd2,1.0,1.0,0.0
f340a9194847137fe28a7822d57fe84e352334a7,124.0,124.0,0.0
f34d47733de40ac29d07160ef06d60f0def8dc62,13.0,13.0,0.0
f352ec4cc0c037e8743a98ee78020b61a953ee49,23.0,23.0,0.0
f39434b2d5257b3379135f2406e8b1d58f2976b7,296.0,296.0,0.0
f3b314af92ebf01b0f76c87fb64663cad2a70413,891.0,897.0,-0.6734006734006733
f3cdf33ed2319c91ab5401a496ae36f4494a3136,37.0,39.0,-5.405405405405405
f3eca799fb491bde42d83100e1eabae360038a46,131.0,168.0,-28.24427480916031
f3f1841caa694af3737df1e9c568a653f85eac94,2137.0,2137.0,0.0
f44fbf0f423618fd68c39623b0f4a6a2cf01c9b0,9.0,8.0,11.11111111111111
f4afe4faa801a6fa29c17ce496d12f22a020394a,1.0,2.0,-100.0
f4d3edfc63cb4776535923373f88c7989bbe81bf,16.0,16.0,0.0
f4ea64f8f15fea0afdf9751e2e627cf3635293ba,235.0,235.0,0.0
f503471421acc99cd94f83f991cd2a1c604f35a7,44.0,44.0,0.0
f54035c58ce6c7e16cddb5b76424d8220506d8f8,383.0,383.0,0.0
f541f2a4e4410d6d6602b79cfc3ed94357a55563,66.0,66.0,0.0
f565999c5e1c07e0276f8b4d71b1a6af1f7bc00b,8.0,8.0,0.0
f56d6d1533fe37a107bbd3ec8bf946fbb7ca4a50,15.0,15.0,0.0
f59a733dc6e943c7db42287cdfed70bdca48eb5f,598.0,598.0,0.0
f5da6387a9d6477518c4244cb72b8d5c0efd7ceb,10.0,10.0,0.0
f5f5f7c48174b668f2791c24ff2acee661c14092,49.0,49.0,0.0
f6002a0ade63b776dd14b7f4cce66991862f8493,8.0,8.0,0.0
f61c54898fd4d16e212e86edfd702b0ae81ff41c,81.0,82.0,-1.2345679012345678
f61d428ef42d7f2ee062c3e50854a1f3acde5b76,7.0,7.0,0.0
f6758ba6ed9a7eb42d5990fbe500d09a4887627e,4.0,4.0,0.0
f68ad04585f1e5e040fa5134fbd4df7e0acdfc05,36.0,36.0,0.0
f6c31a1bddcc9ee9c1b44a1d0fb68e33958793e5,395.0,395.0,0.0
f6c424e51c9176af1746db061b124a61f34514b8,1401.0,1401.0,0.0
f6d9037fdee4a646d48bea7f15498f5884f57aea,33.0,33.0,0.0
f72b4948588d361df86746a0557d3f095f9cba2a,5453.0,5453.0,0.0
f7301f62ea01d8f6ca031afcaa5a65cf6fe34b22,774.0,775.0,-0.12919896640826875
f753eee7451eb5ff024dd7f77654e154183475af,1.0,1.0,0.0
f786d2b396fc77971fb393a80bfc4f8287ff719c,56.0,58.0,-3.571428571428571
f7aa300bd9733951647b861224ee3c7c2376abd4,4.0,5.0,-25.0
f7caebe4674ee38bb11b8f56dd2682fb995cbdb6,99.0,99.0,0.0
f7e9f8b01e6b8f24edbdd5aaf5c1daed29d61c2b,41.0,41.0,0.0
f81b03c20493c9dd8ed818c1706262eb2dd64797,5490.0,5489.0,0.018214936247723135
f87f7c8d43b97cb6d5f5e670db6387e47dc16b41,55.0,56.0,-1.8181818181818181
f88cce081c4a66dded2aa190e376fd3a9e52d736,459.0,459.0,0.0
f88d914b22cb28accee6a583047d03ddf61268ba,18.0,18.0,0.0
f8b4fc7e091ab447c1dcfe2374760931bba69cd8,774.0,774.0,0.0
f9144f157f0b501ff18670796239dc2f0395e652,106.0,106.0,0.0
f929bdf6bb6751495431c750265e280c2a0843c0,21.0,21.0,0.0
f9d2bf31fe58a77f92a4edc2932cca35e3fcf062,1704.0,1704.0,0.0
f9d378490c0cd089511c4fb67b170592d9f1267c,1750.0,1750.0,0.0
f9e95a3d63a090b1f19eefa691e29bd202a72b3e,131.0,130.0,0.7633587786259541
fa1ea6dbd3877b62c0f4ad7bb704c4008673ec90,104.0,104.0,0.0
fa49a19b88b1e3e9597e0386c56c944765ac2dd1,361.0,361.0,0.0
fa7c565136949398a027f1f9daebfd18a6f02157,7.0,7.0,0.0
fa921e5a4f4a7d27b56eb1ad3ce9a2322a5e83d1,9.0,9.0,0.0
fb2256335ae8ce1881b8c3f169c0ffad6f4a76d2,1.0,1.0,0.0
fb23fc735582c20986a0190fcac5f87605d832fd,7.0,7.0,0.0
fb242b4ee2c587b8c5a4f82a6d1388eedb112c62,78.0,78.0,0.0
fb5bf5a3ca9031c5e6124d42292ef336ec63a34e,103.0,103.0,0.0
fb74caa7f6a84b757a990c4e05250f5feebe51b3,721.0,721.0,0.0
fbb9c28357d5208b658919927643e51a08d83913,5.0,5.0,0.0
fbba9fc54ac0d2698a941bad326ddef7683790c7,241.0,241.0,0.0
fbca08f01cddb3112af5344dfdd7b8ea69227554,117.0,119.0,-1.7094017094017095
fc6588084ab24fca79206edd72cb97759e7c6fb6,721.0,721.0,0.0
fcbcf98d497504b1acaa58ff60529228a339af0e,15.0,15.0,0.0
fcd4d3ef87c11c3e4b0718ce4a17d657f472859f,721.0,721.0,0.0
fce2be38b6335649f56019d28eead51a105feae8,1077.0,1077.0,0.0
fce4633db8439c5a7b3fc6da264247971879625f,605.0,607.0,-0.3305785123966942
fd0c3d5795a18bb2d305c3704226a8505247d41b,6.0,6.0,0.0
fd64a2932733e9d04eb971fa5b3c7da4ded2698c,721.0,721.0,0.0
fd785afab6c409d8a815f8fa280d562db9e9d059,47.0,47.0,0.0
fd99396b94fb65cebb492fe30f667bae8b0f5792,130.0,130.0,0.0
fdad4b6692b8828b27da52609962f4cb47c3890c,81.0,81.0,0.0
fe0032eb3e0926adcffb8f79e827a27471e6d598,721.0,721.0,0.0
fe0f073d3b4a4b4280d6195a751a45b532e200d9,15.0,16.0,-6.666666666666667
fe129d4a24d500e1ae6af47f29bd74009322d986,12.0,12.0,0.0
fe24da451b5aa319f4cb81b349693497c0a384a3,14.0,14.0,0.0
fe73350250c8719ebcbb41ed964a9c5bf4b59b7c,72.0,74.0,-2.7777777777777777
fef26a717003226612bd84e0861429f054b27c08,721.0,721.0,0.0
fef36fa5b1820f8a0ca326dd62937564d9fe5119,721.0,721.0,0.0
ff137202134215fb5899978016b028c6b1c4c2c0,39.0,39.0,0.0
ff177a1b246bd06f23fdd6d1a7f2b79ab24b6f8c,984.0,969.0,1.524390243902439
ff183e3fb6d3308077b9f729c2fc3a643b915753,6.0,3.0,50.0
ff64f5618b470969c6c2daca4cdf84b6bece06ab,5.0,5.0,0.0
ff7a5367be2f65d7739f65d6bfe17acf32af399c,9.0,9.0,0.0
